,pred_pHopt
Q2YPV0,7.188276291
A0A142LT01,6.79002285
Q9LCC6,7.868559837
Q4CN04,8.004099846
Q00XA5,7.26079464
Q5JJB9,7.8349123
O30245,7.953568935
Q16134,7.021654129
Q4E4E1,8.010982513
A3KCL7,7.991134644
P34754,3.92641449
Q4FME3,7.559109688
Q9UBK8,7.970526695
A0A140N3B4,7.570971966
A2Z7C4,6.92420435
Q45222,7.521670818
Q9LY23,7.384692669
Q9AJS0,6.473744392
A0A177YY42,7.765550613
B8DZK4,7.276626587
R4N4U2,6.410224438
Q2URT3,6.879195213
Q7DC81,7.470089436
S6B6P7,7.120605946
G3JWZ2,8.230288506
A0A1U7Z3Y9,6.275188446
Q8ZUN8,7.868937492
A0A1X9ISP7,7.180310249
Q76FS0,7.535021305
Q6UWR7,8.292192459
P55072,7.131822586
Q25C77,6.902255058
C6JUG1,7.496697903
P54166,7.855001926
Q3YAW3,7.67807436
G3XCJ9,7.507742405
B0V1K8,7.625583172
P70080,7.165104866
Q56839,7.743637085
A0A067XRK9,5.375358105
F6JRN6,7.666183472
Q13574,7.131811142
Q9LBX4,7.464369297
Q9HZQ8,7.353384972
Q96HD9,7.462143898
Q95V75,7.642199516
H0FT96,7.675305367
Q82P90,5.165714741
Q97V23,7.440674305
P80193,7.024715424
G2Q665,3.881557465
Q006P9,7.014865398
C5BN23,7.559947968
O22141,7.423948288
B1NLD3,7.205645561
Q96Z02,7.949169636
P00336,7.93588686
Q8H1D8,6.932966232
F1QCV2,7.58684063
A6P663,7.104548454
Q51508,8.155664444
A6YGF1,5.933936119
P97325,6.819923878
Q6S3E3,6.439041615
Q08891,7.420956612
O07177,6.989034176
A0A0C6EUC4,6.872827053
B2YGX9,6.231438637
B5IEU6,5.148740768
P12293,7.475540161
K9Y6Y9,7.185241699
C4PKK9,4.099847317
Q9W3Z3,8.351268768
Q8P3J4,6.465591431
P70390,6.841488838
Q9X0G9,7.486146927
P38137,7.881713867
Q9SZ92,7.951618671
Q5LW89,7.400321484
Q8CI15,7.260748863
B5SU85,7.84489727
Q941T9,7.682667732
I3QNS8,5.903197289
A0A0B5GQL6,6.238341331
A4Q8H0,6.492127419
P16243,6.762145996
P07864,7.827326775
I3EBM6,7.79983139
P69478,6.584041595
A0A168GPR3,7.228223801
Q6YNE9,4.346541882
P33665,6.698905468
O59650,7.911966324
Q8NEB5,6.823997498
Q6GHH5,7.509398937
Q75NT4,8.624746323
Q70XJ9,6.603431702
A0R043,6.841576576
P0AF18,7.93456459
Q9CA40,8.09872818
Q581U6,7.522820473
P0AE01,6.792848587
Q8RSQ2,7.377410889
A7RDD3,4.904287338
O14939,7.204077721
D3GDK4,5.346055984
Q5SIC2,6.979043961
Q5SL04,8.357749939
A0A2Y0HLE8,6.740427971
E3TBJ3,6.210591316
Q75WV3,7.651826382
P16662,7.393445015
Q0CFW4,3.584045887
A0A0H3U0Y7,6.025243759
Q08GL0,6.572748184
Q53I75,6.479968071
P20582,7.66920948
C4TJD2,8.908341408
P43510,4.296755791
Q9LAG2,8.430261612
A0A291LTQ0,7.148066521
Q58653,8.04993248
A4F2S6,7.045385361
Q9FFW8,7.626591682
P74576,7.875354767
Q883P5,6.605581284
P97364,7.635751724
G5DAC7,5.806346893
B2KJ46,7.606117249
E7FHX4,7.48892355
Q6NQI8,7.320450306
Q51739,9.302606583
O29852,7.947519779
Q5SIM4,6.87798357
Q9HY13,7.957442284
P53909,7.220097542
Q9HU72,7.533906937
Q7YT16,5.374831676
P73133,9.309857368
Q94IE9,7.68117857
P06512,7.065197945
P00750,7.72539711
P16497,7.677994728
P68187,7.402012825
I3QHK7,7.859796524
Q4J9K9,7.277155876
Q80WS1,7.773432732
A0A0M3KL46,6.911818504
Q3YJM9,8.98399353
C9K501,6.275376797
A0A2Z5VGN0,7.111356735
Q9XI62,6.776796341
P48318,7.334320068
B0VH76,7.741903782
O25743,8.93585968
Q2VA41,7.482985497
B9LW38,6.694704056
Q5FT75,8.457304955
Q8H979,3.591677189
Q8RHX7,7.285225391
Q8VPF2,7.58298111
A0A142G555,5.802688599
D8IS59,7.74927187
P50250,7.642824173
B1MCE2,7.328449249
P18548,7.358960152
Q9YI16,9.367245674
U6BYK3,7.822689533
Q9WZR6,7.189271927
C8WGQ3,9.254748344
A0R6D9,7.242312431
A5U6Y7,7.82008934
Q6E7F1,7.602288246
T1WUT6,8.026837349
Q11205,6.533810616
A0A3S7PMB5,8.735069275
Q3M5Z3,7.747509003
Q5BCF8,5.890772343
A0A0H2ZQ64,4.367221355
P0ABR9,7.808635235
B3VPB3,3.873568535
A0A060IGN1,7.587120056
Q9I234,7.529808998
A0A482EWM9,7.671795845
Q304Q5,7.692854404
Q5SK28,8.492592812
Q9AT27,4.4016366
C0C0X3,7.581397533
H7CE71,7.62006855
Q8H133,8.042895317
Q96YK1,8.355548859
P50293,7.07968235
Q9VIP7,6.974101067
Q9JHG1,6.733454704
A0A160PRJ4,7.627182007
A0A2Z6IAJ2,7.445646286
Q84HQ2,6.856498241
P25323,7.166517258
U5D896,7.53986311
A0A1W1WDM4,7.212735653
F8WSQ3,8.354224205
P35511,7.870905876
P06611,7.047657967
A0A0H2UNY1,7.687836647
O57878,8.018444061
Q869N2,8.015149117
M9NE76,7.387435436
Q868H8,7.371222496
P9WQA3,8.008779526
Q8FZW3,5.688822746
Q5UNS1,8.47810173
W5ZSQ6,8.703167915
Q9V0Q0,8.027376175
Q5SKG3,7.420534611
P09467,7.862458706
Q81X74,8.271625519
Q1XAT7,7.908425331
Q3ZBH0,7.609622002
Q9WWW6,7.019629478
U3TH11,7.716645241
D4GYE0,8.442398071
Q9RF52,9.211279869
Q9M1W4,6.915318966
A3DJL8,7.090897083
P20142,2.633425951
K4LMW2,7.676241875
A0R211,7.852571964
O23801,5.584796906
F5Z5S7,8.276233673
Q5W9U0,5.168275833
Q9ZWQ9,6.789572239
Q56316,8.33489418
Q15382,7.407588959
A0A0H3JPH0,8.088534355
A3DD67,5.960867882
Q96XT2,8.044846535
Q980K6,7.905421257
Q7YT63,7.588545799
A4IPX2,8.204296112
R9VY83,7.407137871
D4QF15,7.661798954
Q6F4D7,7.674180984
Q8IIB7,8.208078384
Q64285,7.319078445
Q5JFM9,7.210439682
Q9XT99,8.113466263
A0A0H2UQY4,8.491134644
Q5NII9,7.616690636
Q7S3U4,7.29386425
Q8U0Q0,7.220832825
Q9Y119,7.647156715
Q8RB32,7.30098772
Q7YRG5,6.996313572
O05268,7.162953377
H9C9P0,7.780431747
Q86ZV0,8.295056343
Q9UKR0,7.749875069
P74334,8.08962059
I1TIJ2,5.721773624
Q9RBS3,8.061301231
A0A1S6LQU3,7.684226036
A9QVV8,6.920500755
B2KPR3,7.790604115
P19113,7.39504385
O86428,7.842108727
Q58761,7.461921215
Q2WGB4,6.675788403
Q50EK3,7.533397198
A0A023MIF8,6.263086319
T1SP91,3.063416004
P61615,6.840100288
Q84F26,7.900271416
P53759,7.721777916
A0FIP8,8.405059814
Q0GE18,5.038752556
Q2G8F3,7.365749359
Q8BGL3,8.167322159
A0A0N9LQI1,4.110526085
Q9HQQ9,9.361024857
Q8GR90,7.606366634
O74634,7.722870827
U5NDT8,7.662010193
E0D7I2,6.683794022
Q89VT8,7.922044754
H9BZ70,4.178426266
Q02890,7.749611378
G9JKF3,7.894759655
C4KKZ9,8.243912697
Q8WNR3,6.579991341
Q539C0,6.307212353
O59089,7.848677635
Q5EG61,7.355225563
Q12051,7.205329418
G2IKV5,8.192007065
Q6BCL7,5.694658756
B6ZCD8,8.934902191
A0A2K3E3Z9,7.635531902
F4JKB6,6.948734283
P36667,7.192620277
A0A125SUY5,7.477064133
P11569,7.493423939
P83218,6.79005146
Q9FXY7,7.597971439
B7JBP8,7.840005398
A5LHX0,6.377726555
P81428,7.935745716
Q4KGW9,7.037145615
Q9LFU9,7.679923534
C0SJS3,7.531237602
A1C3J9,7.107009411
P27305,7.555469036
Q91V26,7.333165646
D3Y5L6,8.002308846
Q7B8C5,6.40986681
Q8U3L0,6.927915573
A0A4D6BS73,6.0756464
P49459,7.452289104
A8WBX8,7.027513027
P63086,7.380955219
Q9FHA4,6.840475082
G9D322,8.266771317
Q5LS56,6.912324429
Q9SPP9,6.738804817
P32359,6.285804749
D0QYM5,7.114460945
Q13557,7.964677811
Q6PLI2,7.91012764
Q4AE75,5.896504402
Q86UY6,8.016017914
Q41510,7.852628708
Q9BRR6,6.6188941
K4Q1U9,7.734835625
Q6XMH7,7.543020725
Q9NR20,7.769330025
P03956,7.842783928
P54495,7.954558849
Q90W31,7.265073299
Q9TW03,6.87017107
H1ZV38,7.480513573
Q9UHI8,7.497170448
P0AFI0,7.686984539
A0QX60,7.726888657
D3JV03,7.063288212
P72579,8.062623978
Q04179,7.804515839
Q6XMT1,6.78946209
D2QDA5,7.227981567
Q97VS7,3.768203259
P16692,8.033175468
A0A411PNH6,7.43093729
Q4CQE2,7.68094635
P10860,7.341677666
A0A088T0J9,3.557120323
E0X988,6.172776222
O82549,6.084088802
Q8RHM6,7.567726135
A9BPK4,7.587337017
F9VPH0,5.887774467
A0A075Q354,6.698259354
H9CWQ0,5.192391396
P53449,7.437409878
D6MZJ6,8.043809891
Q1J0W0,7.652093887
I3WTS0,7.880448818
Q9VSL5,7.828029633
P19157,7.582119942
P00352,8.652484894
P13988,7.731966972
Q59119,7.911793709
Q12535,6.203430176
P00729,5.498078346
C9WCQ1,5.813837051
Q94C06,3.937069416
B9VTP5,7.615386009
Q6DNI8,7.661999702
F1CYZ5,7.756435871
Q06HA3,6.043404579
C7AQY2,5.248744965
P9WIQ1,6.922749996
Q9Z4N5,5.31841135
Q9XCW3,7.304586411
P17988,8.071084023
Q07010,7.183188438
P31941,7.170651436
Q9QYT7,7.236297131
W8QMJ2,7.960329533
A3QSS7,7.481893063
Q8YG38,7.090146542
Q7JNQ9,5.419568539
Q7Y0K5,8.160299301
Q970N3,7.169699669
A0A4D6BQ82,6.329910278
I0AZ41,5.81401062
A0A0H2ZNP2,8.333125114
Q8X176,5.114738464
V9PD44,5.928123474
B9X0I2,4.534393787
O08709,7.225710869
O54161,5.149559498
A0A140N5X9,8.770778656
Q8A711,7.651929855
P0A746,8.470481873
Q58085,7.759483337
I1W007,6.759577751
Q93107,7.761242867
D6EQU8,5.773351192
P16930,6.989439964
P94552,5.267678261
Q86AD9,8.60357666
D5GRP3,6.622665405
M9VU49,7.357662201
Q8TZW1,8.531392097
B4XC07,5.783937454
P36419,7.376458168
D4GWT7,7.840449333
Q9UWY6,7.391387939
Q5JHY2,7.814842701
E0SDR9,8.14481926
Q9K498,7.296518326
Q8NLB6,7.690042496
Q03Z32,9.156455994
L7Y2Z6,6.802834511
Q9UV68,4.666982651
Q93HX6,7.374134541
C1KGU6,7.515964031
C0HK05,7.690020561
P9WQB5,7.864020348
K9UV87,7.769117355
Q05509,7.855365753
P0A9M0,8.483029366
B2BBY6,9.110622406
B1P195,5.59595871
D2D3B2,7.770742416
Q9F0Q6,6.722464561
Q09735,7.712459564
Q8L208,7.783005238
P0ABQ4,6.816446781
A0A1C7AAM8,7.823408127
Q92MM4,7.712110996
Q45NB5,7.40216589
Q46948,6.803955555
Q5H7P5,5.487475395
D8QTR2,6.781299591
Q9LKJ1,7.488285542
M9PLY0,4.724761009
P00518,7.425423145
Q9H832,7.432242393
Q9KJG6,8.79701519
P53965,6.46073246
Q9URQ3,7.371670723
Q5D8X4,7.193558216
Q9UJA2,7.588641644
A4LA85,7.568216324
Q9KZP3,7.681778908
O15111,7.694047928
Q94KE3,7.065417767
Q7PCC4,5.055447578
Q58HF4,5.239094734
P27356,6.962335587
P39077,7.765963554
A0A1R7T3A4,7.690256119
P23103,7.754771233
Q67Y55,7.829155445
Q80ZG2,7.805183411
Q0R3W5,6.100598335
H8F9Y0,6.941041946
P46395,9.644255638
P72587,7.618862152
Q9NVH6,6.779933929
A9ZPJ6,7.4752841
Q8L7K9,6.538638115
Q8GSN1,7.246207237
B9VU66,8.1316185
A0A076N8Z0,6.959238529
Q1XBU5,7.367690086
A1A5H8,7.164444923
A8C781,7.203229904
M9VUE0,7.789151192
P30431,7.749344349
P24481,8.094106674
I3PML9,4.661056519
P78356,8.162826538
Q93AL9,7.333468437
O54857,6.52422905
Q9AJM0,7.69720602
H9BIH8,7.312275887
A0A127F6U7,7.411658764
P18394,6.868349075
Q67ZJ4,7.853504181
P34210,7.040088654
O02623,7.641848564
Q88AH6,7.521126747
P11928,7.470935822
Q97YI7,7.047818661
Q8RMD1,6.91262722
M4I787,8.83804512
P47897,7.689305305
Q9Y5Y6,7.733603001
Q80A58,6.428554535
G4U3G8,6.830946922
Q8VWN6,6.752119541
A0A158RFS7,7.760456085
D5L1S4,7.441123962
A0EJ12,7.042247295
E4QP00,7.616726398
D8L2Y2,7.766805649
Q9Y749,8.909549713
Q12629,6.311411381
Q5W503,6.854671001
P25774,5.343735218
O60235,8.462441444
A8C927,7.723846912
E3SVR9,7.875440598
P55135,7.918260098
Q8GMY0,6.921273232
D0EPY0,8.093530655
C7FF05,6.804353714
P00374,6.911987305
P08253,7.504253387
Q8RAK6,9.622070313
P06622,7.279942989
Q9FPF0,7.242480278
Q96551,8.035758018
O43252,7.623869419
Q8REE6,7.883392334
O00089,4.11205864
Q5V5N6,8.54907608
C7B608,7.161016464
A9KT32,6.22654438
Q9AR04,7.539227962
Q10468,6.419491768
Q9I0K4,7.172022343
B1VZT1,7.446596146
A0A088BHP3,7.415065765
B1VBB0,4.817055702
Q9H3R1,6.798422337
Q9WZ19,7.969335079
A0A0K2S4R5,6.888469696
O34425,8.186122894
C5MR71,7.497220993
P11964,8.439170837
B3XZQ2,6.64155674
A0A0S1NK17,8.294214249
Q6E0B2,7.497433186
Q88S87,7.405200958
O26004,7.961055756
Q8K469,7.438428402
Q7WVA6,9.023538589
Q12383,8.371006966
M1R338,7.512814522
A0A024FS29,4.867424488
D1JH91,7.613314629
P54751,6.606784821
Q99497,7.305827618
A0A059ZV61,7.070569038
E3VXL5,7.689331532
Q9JJS6,7.442450523
O00469,6.101215363
I3DX19,8.640810013
Q3IG38,8.527136803
O54051,7.549715042
Q13057,7.405440807
A0PM49,7.187627792
O48944,7.056702137
G3LUK8,7.640057564
P40817,7.860976219
O52185,7.704504013
Q0CDD9,5.845608234
Q55020,5.872579098
P83788,8.196350098
B9ZZZ6,8.288451195
P18266,7.330852985
Q7Z4W1,7.763401508
Q08649,7.664403915
O58802,8.770007133
A0A1B1NX89,6.666735172
Q8GTJ2,7.084962845
P09147,8.547132492
G0HQ35,7.512254715
A0A0A1DZ36,7.607373238
Q5DRK1,6.94651413
D5WTR8,7.457255363
D7RJ66,10.86014843
C7F8M0,7.482192039
D5JWB3,6.894068718
O30438,7.341219902
B5MGF8,7.140873909
C7NVN0,6.825218201
Q8CHM7,7.397655487
D9IL10,7.961967468
C3PTS8,7.354351521
Q9NWW6,7.300616264
Q68KL3,6.236289978
A3MV85,7.281871796
Q9SS45,7.933933258
E7FI44,7.192428112
Q58980,7.181016922
O34788,8.347331047
P95748,7.257601738
O55123,7.316362858
A0A075EDT8,5.427314758
B9VSZ3,8.359952927
A0A145YEM9,9.456885338
P09107,6.039686203
P00800,8.267435074
P43341,7.343159199
P09237,7.501778126
Q8U0N7,7.932252407
F9W8I6,6.633303165
A2GH85,6.936634064
O54050,7.093923092
A8D2K7,7.581270695
P11444,6.974609375
P23293,6.918502331
Q4QC75,7.173161507
Q16774,8.083019257
P22320,7.425479889
Q7TNT2,7.479710102
O27726,7.262702465
E2QJB8,8.548528671
Q9LZJ3,6.829203606
P14384,6.988887787
A4YDR9,7.854288101
A0A1E1GL61,5.467768669
F4NCC2,8.07032299
D0VP31,9.815040588
Q8GTM3,8.313536644
Q53EJ1,8.539779663
I3RJK8,6.713968277
P95231,7.517784119
Q03520,7.772250175
Q5H7M8,4.627042294
B9VXW6,8.037315369
Q9ZVL6,6.516441345
Q84HF5,8.069223404
A0A142UTH4,7.020346165
E4W4G9,4.607288837
A6YJX1,5.498940945
P17118,3.187106371
Q9NDH8,7.320754528
Q7UXY8,7.655326366
Q3LS76,5.044057369
Q6QHI7,8.444805145
Q9EV86,8.43963623
C6FX34,8.092489243
Q1GZD1,7.791619301
Q88B90,7.460091114
Q9APM5,8.232456207
G5D7B5,2.174406767
A0A2Y9CJ10,7.211021423
F2X5L9,8.272468567
Q7UDT4,7.929364204
Q06069,7.520057678
A7LBQ5,7.708022118
A0A384ZRB9,9.014268875
A9YDD9,7.122693062
C4LUW9,6.597164631
Q83WC3,7.313573837
K7T9D9,4.743235588
P15316,7.155881405
O29588,7.012895584
Q9C8Y9,6.009486198
C4LWC7,7.729140282
E5FGC5,6.132981777
B7XBZ9,7.559607029
B6D7P1,7.200376511
P25576,7.470147133
Q8WZD7,4.910193443
O24721,7.166099548
Q57849,7.378770828
A0A1S6WME7,7.720537186
Q9UQM7,8.263179779
D4GP33,8.343351364
D4Q9Z5,6.948801041
Q8RJQ9,8.553226471
B2NID7,6.736567497
F2YCN5,7.737565994
Q84H88,7.962104797
Q5JD38,7.52872467
Q831B2,6.453485966
Q8J0K8,5.612464905
Q973H4,7.080636024
P52888,7.326150894
A0A0A7H6F4,6.953112602
Q6T1F6,7.499144077
P25891,7.560604095
Q6PMI1,6.89332056
Q2HNY9,8.014453888
P78417,8.074241638
I3ZTQ5,7.090723038
P29729,7.339365959
Q8TZJ1,8.062902451
P56073,7.331519127
P10442,9.766757011
B0B0H7,8.163755417
Q9GV46,5.407883167
Q9F918,8.062044144
Q949J1,8.609804153
Q46A52,7.93708086
C5J3R6,7.192498207
Q8AAK9,5.577649593
B3EWG9,5.661653519
H9JSH4,8.724805832
B3VPB2,3.965528011
G4I5P8,8.881342888
A6XP72,7.135492802
Q04828,7.996360302
P81054,6.777136803
Q9REV4,8.175303459
H8WG11,5.436194897
Q988H5,8.145740509
Q8KT80,7.761176586
Q8IEG9,7.235208511
Q9SV43,8.360099792
Q2FUB2,7.416928291
Q52032,8.123456955
D5LIR7,7.599632263
A0A0G4JRN2,6.47987175
Q02759,8.058317184
A0A1R1AUM9,7.395165443
Q980A5,7.485458374
C7EDT0,6.892180443
O28025,7.501552105
P94523,7.506259441
P16068,7.296916485
Q9LCQ7,8.257683754
Q1XIQ9,7.957316399
A0A1B3TNR9,7.570859909
Q9XB60,7.296031952
C4TP07,7.338593483
P0DI77,7.383757591
Q2V0W1,6.472607136
Q9YA34,7.865104675
L0D9B6,8.34164238
A0A1Y9TFD9,7.652254105
P77215,7.488130093
Q76M73,7.99636364
P22318,7.714971066
A5A699,6.140917778
L0BXX7,7.952068806
Q4AEG8,4.131328583
P06197,7.677608967
Q9L9Q2,7.110798359
Q3V6C9,5.887397766
Q947C4,7.251368523
C9E9M9,3.954690218
P77847,5.875963211
A0A024RXP8,3.78110981
A0A3T0YV60,7.700644493
P43478,7.81366539
Q00IB3,7.944393158
Q5CD72,8.083352089
A0A1V0ELS9,6.952190399
F7Y223,7.488761902
A0A1C9EFW4,4.331254959
A0S5Z5,7.824743271
A0A0H3HE78,7.368589401
A0A0A0WA73,7.273879051
A0A1S6LQW6,7.935554981
E7CYQ0,7.107132912
P57681,7.119310856
P0CW58,7.353225708
O81852,8.272197723
O49235,7.845146656
S5M3K7,7.067672729
Q8ZKE6,8.017103195
A7UHH1,7.861840248
Q58923,7.598647118
A5U4N0,6.854662895
P94127,7.40147686
Q8U1H5,5.555522919
Q96DG6,7.872825146
Q1W622,11.47154999
O31616,7.933578014
P32752,7.775872231
A0A0C5CE51,6.050620079
Q6QDP1,7.536131859
A0A0F7N1T1,6.199631691
A0A109P1X1,7.409339428
P10478,7.885815144
A0A1Q2U2F1,6.180288792
P55329,4.533622742
P9WFF7,7.569833755
Q84JH5,7.588206768
Q10469,6.585364342
D4GS48,8.523087502
Q02108,7.214223385
Q18AQ6,7.328583717
Q8H2B4,7.275001526
Q48154,8.12785244
P63359,7.345728874
P22352,8.207781792
Q9Y7D1,7.780350685
E8T502,7.80483532
Q6VCW3,7.477974892
A0A024JUE5,7.641068935
L0N807,7.675002098
P17811,7.09016037
D4GST8,8.508970261
E7FHY4,6.557400703
Q8NT48,7.487337112
Q7X9B3,6.888731956
U5YTM6,6.869736671
Q9KWY4,9.786124229
Q57751,7.621466637
O29428,7.774497986
Q2KTH1,9.134462357
P21130,6.601122379
Q8L7R2,7.576061726
Q8W4T9,7.593465805
O08841,7.387405396
Q932V0,9.060977936
A9LIN4,7.016052246
Q59931,7.945223808
Q8X1D1,5.711439133
Q9WYD1,7.874229908
Q3HW35,7.991615295
V5QZ74,7.179129601
P56216,7.973498821
D0QF43,6.065524101
Q9ZQ94,7.405886173
Q7S3R5,4.112575054
Q0GU43,7.717543602
C4TJD4,8.469776154
Q4LEU0,7.91043663
A2V7M5,7.299386024
W5RWH8,7.442123413
A0A7G4NVP2,8.193155289
P21890,7.366009235
C3VMY4,5.257505417
Q8RDL1,5.874808788
A0A0H3JER5,7.618881702
Q9XBQ8,7.556537151
P43133,8.278623581
Q3KN75,7.213618279
I6Y4D2,7.923584461
Q72JC9,7.73370266
G0T3B3,7.681834698
J9XGP8,8.925840378
A0A0U4MRI4,8.237597466
Q8DVS2,6.969532013
A7DWA8,6.624744892
Q8C2W3,7.545978069
Q7X0P2,7.084132195
Q9X024,7.450360775
Q65EY9,7.687887669
Q706F9,6.053638458
Q7XAU6,5.735547066
A8D930,7.297145844
P12047,8.280641556
Q9YGB5,7.097923279
Q0E4W0,7.509086609
Q50LH1,7.770267963
B3EY95,7.864955902
G3YE52,7.037335873
Q97U29,7.41722393
Q6L2X5,5.81434536
Q5NTH0,7.225687504
Q9X1S1,7.524021149
B8ZV93,8.114504814
Q195N6,6.849243164
Q8MZS4,4.103655338
D8VDY4,6.451715469
G2QH47,6.432402611
A8FAG9,5.44154644
D0KN27,7.189061165
F6IXY6,7.62321949
C6Y0D8,6.605276585
Q6ZXC0,7.558871269
Q7WTR6,5.877251148
A4I2Z3,7.477226257
Q2YIQ6,7.539953709
P9WM67,7.091955662
Q97U30,8.002492905
Q46920,7.599969864
P66032,7.523801327
Q9HKS9,7.520305157
Q8EJM6,7.75356245
H2VFG5,7.431453228
P36205,7.29537487
Q9SJQ0,7.090446472
Q6ZMB0,6.603264809
Q59185,8.721000671
Q7WYV4,7.465401649
Q9C4M3,7.061337471
P33677,6.91390419
Q9ZAE9,7.70466423
Q9I676,8.966936111
A0A1D8GRD5,7.129487038
Q84FL5,8.301598549
B0SN40,7.86587429
Q46893,8.180841446
Q9HHB0,5.857319355
P37794,8.249158859
Q93X60,5.004972935
A0A0H2ZQZ4,8.182491302
O04385,7.512544155
P39464,7.35934782
Q8KSC8,7.618563652
E5RQ20,8.758055687
A5H0J6,7.993649483
A6ZKY2,7.77325201
P68403,7.156098366
P37136,7.31178236
B6SBM1,7.44195652
Q9Y5R4,7.693680286
Q8IBI4,6.913763046
Q9SRT9,6.457122326
Q83XK5,6.34569788
P13956,8.22956562
A0A3T0YV67,6.820674896
B5DFD5,7.192434311
F7J663,7.18159914
A0A345K402,6.026442528
Q72L69,7.828855515
Q9VZW0,7.500572681
A1XBT9,6.70279026
O83023,7.054542542
C7ASJ5,6.902461052
Q53766,5.450380802
Q2PWU9,7.932288647
P23316,7.24509716
Q8KBL0,7.575876713
O95453,7.157083035
A0A085HKM4,7.668478012
W8SKF6,7.295404434
P47058,7.202197552
O23240,7.655064106
P28826,7.262901306
Q95JH4,7.790842533
Q08388,7.586797237
Q07510,7.095799446
P42220,7.310452461
B1Q002,6.145013809
Q9TTF5,7.177129269
Q8CWX6,6.807045937
Q8GME2,7.949122429
Q0PQY8,4.023300171
A8R0Y0,6.136455536
P63146,7.529415131
C6JUF6,7.527773857
O16843,7.546502113
Q3IL66,8.099327087
Q597B8,7.339838982
Q9RMM4,7.04812479
A0A0C7DVW3,7.176480293
E7FHY8,5.653541565
Q58439,6.981987476
Q13496,7.010854721
A0A0K0M737,5.787342548
B3TZD8,7.304395199
F6KRI7,7.752609253
P73833,7.926795959
P22735,7.332520485
Q875I9,5.611469746
Q0P9D3,7.908064842
Q9KQJ0,7.579577446
Q9FPN3,7.758374214
C7EXL6,6.758521557
Q9ZQC6,7.277747154
Q4J6M3,7.542473316
Q9S434,8.006528854
Q93M81,7.54375267
P9WP79,6.827269077
C7GM47,7.321305275
Q5JNT6,7.375751972
Q56232,7.997767448
Q8NK02,3.955194235
Q8K2C8,6.97252655
Q8NF37,6.758651257
Q2UII1,5.575131416
C4M4T4,7.482870102
Q8W000,6.983848095
Q7SCE9,5.400682926
B0BNM1,7.18517971
Q24JJ8,7.348021507
Q8KBP5,7.740482807
P80561,7.032196999
A7U0E5,7.57519722
P94494,9.615623474
H9N839,7.391369343
O48945,7.07658577
Q7MAW0,7.565982819
A0A1E7YQH3,7.663665771
D0UHB3,6.838775158
Q304Q4,7.524180412
Q9UNP4,6.622965813
I3W8N1,5.716063499
C3W4Q7,7.999945641
P21643,8.062393188
Q65MY7,8.538707733
Q8R3B1,6.827726364
B2BSJ7,6.97218132
Q93TJ5,8.057445526
Q96EK6,7.590867043
Q9C3Z9,5.584853649
C5NU54,7.801024437
Q8GZD8,7.715133667
O47881,8.015993118
A0A098B5G4,8.475259781
Q8NCG7,7.161503315
P06721,8.141389847
B4XEK5,7.390070915
Q12640,7.746797085
Q6R4Q9,8.047515869
Q5JBG6,7.013194084
Q5SJC3,7.190505028
Q9SE50,6.449755669
O93647,6.698549747
Q108P1,7.314535618
Q57501,7.767270088
Q8IXK2,6.451268673
L0N6Q8,5.107151985
J9QYL0,7.300009727
Q8J259,6.8862257
H2IFE7,8.301858902
B1HP60,7.507166862
O59828,9.20394516
P39476,7.092664242
A0A0K1E2F9,7.187301159
P00736,6.85352087
O75795,7.260242462
A0A0S2VC96,8.760604858
A0A1Q2SVY7,7.345081329
P51852,6.608930588
Q9RP48,3.629095793
Q96YR7,7.648095608
Q5Y152,7.941944122
P16116,7.174343109
B1NF19,7.51030159
Q59632,8.078668594
A0A0K8P6T7,8.122531891
M1R367,4.532516479
Q8MJ30,7.351196289
Q9SLA0,5.875591755
Q87EL2,7.935849667
O08796,7.267203331
A0A4P8XUU6,7.389246941
O00085,3.928297997
Q9AEP4,7.518144608
P48643,7.859447956
Q9WZP2,7.059454441
C9WPK1,7.175884724
O67644,8.109994888
Q5B5D5,5.65779686
D2T083,8.146471977
C1LT16,7.808206558
S6CFJ1,8.777802467
E2GDF4,3.30504179
A0A0P0DIY6,7.715092659
Q96EY8,8.190367699
Q58499,7.142436981
H9ZGD1,7.182026386
P54493,6.972003937
G4XUJ7,7.334044456
Q4JC35,7.447607994
Q96G23,7.21680069
A0A0H5BR52,5.543991566
Q8TFE5,4.465970993
Q9Z2D1,7.159734249
Q5A6L6,6.925262451
P52917,7.302277565
Q9HA64,7.764695168
Q5BLZ6,6.332040787
O95363,8.164017677
Q82IZ1,7.213750839
A1RX09,6.92858696
Q9NYA1,7.293327332
Q709M0,7.503641129
B3VTK1,8.224360466
P09871,6.940729141
Q59825,5.178609848
B9A1J7,7.482977867
C0IRI2,5.314153194
P21396,8.033559799
Q10LH0,7.441123962
Q27793,6.918111801
P0ABJ9,7.429316521
B8E1U6,7.406871796
Q44492,6.51835537
O28778,7.360922813
Q5YYQ3,7.176168442
D7VBA0,8.274481773
G0HQ31,7.715622902
E9QYP0,7.993122101
U3U992,7.189306259
Q0SE24,4.572621346
Q8GR45,7.688735962
Q04609,7.059153557
P96091,7.536535263
D2YZL5,3.746946096
Q32L40,7.77374649
Q51548,7.876650333
Q92LF6,6.957089424
Q0CQ16,7.397179604
E8ZAP2,7.219816685
A0R4I6,7.982362747
Q00535,6.960449219
D5DCL0,7.860091686
Q55777,7.19906044
A0A286S218,8.030896187
B9K0V9,7.494413376
P48418,7.596828938
A9ZND1,6.749030113
Q84KI1,7.608273029
A0A0K2SQX3,4.980761051
Q1JUL0,5.595425606
Q6R7Z5,3.980787516
D2RIQ3,7.485721588
P27680,7.650289059
Q88JP1,8.27055645
A5IKD0,5.35671711
P22319,7.330949783
Q58134,8.029177666
Q13126,8.293916702
A4UU36,6.138958931
A0A191T887,8.008899689
E9NR87,7.689948082
Q9I4W3,7.847572803
F6L7F5,8.253940582
P54577,7.140576363
U3KZM8,7.465134621
Q9X6R4,7.880767822
P30986,5.890347481
Q9S5X0,7.433115005
V5RE14,6.592402458
A0A2U9Q8M3,6.349617958
A3MWL6,5.512737751
F6IQ86,3.173068523
Q3L6N4,5.391987801
P79208,6.744766235
Q5GHF7,7.477274895
A0A059Q746,6.808310509
Q92819,7.061138153
Q4H2B4,7.532175064
P99159,6.970443726
V9Q624,6.679235458
Q4J9M2,3.979399204
E1APH5,8.431394577
Q9LDH0,6.852762222
U6A566,10.88952827
A0SWS3,6.15161562
B5U8J7,7.118850231
E2G4I9,7.470830917
H6WET3,7.511208534
P31072,7.864507675
Q76FR8,7.755540848
A0A286XL02,7.393789291
Q5U925,7.921034336
B3LF83,6.947802544
A0A399G7U0,6.837350845
A0A061D1S0,8.194757462
Q9JII6,7.410971165
A0A2U9GGW3,7.618206024
Q90WM1,6.743516922
D6RU53,7.254926682
Q8MVS0,7.385669231
Q97W94,7.491183758
Q7WZT5,8.260352135
N1Q9R6,8.130622864
Q3MUH8,6.580115795
O97071,7.490607738
Q45NB2,7.588139534
P0A870,7.495599747
Q147X3,7.649420738
Q3Y5A4,7.168345451
P06634,7.143470764
W8QRE4,6.517606735
Q63159,7.976471901
A9YWH8,6.32261467
X0M5X0,5.912024498
A4UA16,7.237029552
P16406,6.90093708
C6FJG8,4.896113396
Q306W4,7.398378849
Q96DE0,8.060296059
Q9LA16,6.285372734
Q2HQR8,8.097026825
Q2U4P3,6.975719929
O59445,7.942452908
P14489,7.279370308
A6Y9U8,4.914744377
P44046,7.634803295
Q9LCC5,6.348368168
A0A0K2E5X6,7.150168419
Q92R47,7.989665985
Q9FK25,7.649308681
Q6F3I3,7.841757774
B2DEV1,7.823494434
G0UZY5,6.452358246
Q4DGV2,7.153678894
G0SGU4,7.017700195
A5XB38,9.914328575
P55984,7.330163002
B6SBM2,7.469322205
Q6RHX7,5.778884411
P08303,6.879812241
A0A0E4B3N6,8.197294235
A0A0H3K9R1,6.980520248
Q1HER6,4.975224018
Q86D78,5.822344303
A0A1G8DI07,7.49270153
Q70G56,7.860150337
P23381,7.678033829
Q5ZXE1,7.950305939
Q8U3K2,8.376958847
S8GJB1,7.547911644
Q9UUB1,7.608217716
Q9DB60,7.570892334
Q6XMI1,7.448760509
Q9X1V9,6.079905987
Q9KPK8,8.003528595
Q9CAF2,7.604797363
A0A088BCU2,5.310602665
A0A3Q1MVP2,7.102564812
A9BHI9,7.529277802
Q9SPV4,7.604743958
P00698,5.686923504
P80313,7.980975151
P04063,7.318080902
Q9K2N0,8.051119804
Q9S5E2,7.404888153
A0A0A7HLG5,8.100837708
Q5U924,7.414727211
Q8ILW6,7.425656796
P0A9N4,7.501134872
A3FQA5,8.945556641
M9VTY8,7.411072731
O66064,6.183944702
P9WNS5,6.92771101
K7ZBX8,7.337629795
Q05193,7.700173378
C3VPJ1,5.677690983
Q02724,7.651991844
Q2VPS0,7.096897125
P17560,7.188486099
O33838,6.475805283
Q84NG3,7.586576939
A0A1C9V3R4,6.367518425
A0A1J4YSL8,7.623960972
A9XR52,6.595892906
Q9XZT6,7.176412582
P12653,7.565999508
Q401R6,7.677659988
P9WJA1,7.89867878
Q53389,8.312764168
O87870,7.774500847
Q19R72,6.015425682
Q9F234,5.947117805
O24319,4.063031197
A5A5J1,7.859498024
P29758,7.512587547
Q10RB4,3.505766153
B8YAD0,7.694747925
Q96KN2,7.390289307
E9AMH6,5.735794544
U3T1K4,8.689307213
A0A059VLI3,6.393187523
P39669,7.496682167
A4UU35,6.796899796
P17169,7.841148853
Q6EB26,7.954892159
B2BZ80,7.257140636
Q3SYC2,7.399820328
Q8WPJ2,4.797433853
V5J3M5,6.353385925
A0A286S1Z7,8.059919357
Q02745,6.551925182
P9WN65,7.503765106
C6FWG9,7.997429371
P05979,6.834664345
Q92AS9,6.18116951
Q8YZ99,7.431938171
Q4ZFU2,6.833545685
P09601,7.441030502
Q973H2,7.017268181
Q0ZS22,7.521026611
P08432,7.712106705
Q10714,6.403474808
B7XC00,7.590924263
Q8GBB2,7.713729858
P27213,7.520082474
G1JTZ7,6.90316391
F1T2J9,6.942588806
O93656,7.343152046
A0A2U8ZSD8,6.943511963
Q257D4,7.186914444
P17987,7.811984539
Q9C6D2,7.82114172
A0A0C5H8Q7,4.017359257
E5LLI1,7.469641209
Q8GI16,8.296022415
A0A167Z3Z6,7.876696587
P15807,7.893596649
P80315,7.978745461
A6P7M9,7.191746712
O67625,8.315782547
D3G6S4,7.936402798
Q3ZPN4,7.044926643
Q9ZV40,5.445268631
A3MSD2,7.785485268
Q8KTX1,6.405741692
P12154,7.18692255
K7ZLA5,7.772864342
P11350,7.398553848
Q5NLA9,7.176614285
P97501,9.093671799
Q9H3S4,7.086057663
A0A0U1ZF25,7.80748558
F5H5G0,7.525307655
Q8K4X7,7.037248135
P05042,8.001491547
P34059,7.046505451
Q9L8L8,7.590803146
A0A1B1FIW0,7.299530029
A0A1A9GS29,7.607345581
Q6WE15,7.115395546
Q48296,7.518132687
O24421,6.74894619
O57935,6.941548347
Q16820,7.12906456
Q9DDE3,7.503614426
P62368,7.671269894
Q97YG7,3.910674572
P15531,7.286211014
P00598,8.039579391
D1CE96,6.75633955
V5ZEQ2,8.167495728
A4ISB9,7.556604385
O24529,7.693918705
D7GXF9,7.306556702
Q5DD64,7.465078354
D7VEX3,4.464792252
F8SUI8,7.477119446
P50123,6.926119804
Q89E97,8.391804695
D3Y5N8,7.053884029
A0A191W0D9,7.48786974
Q86RB1,8.450160027
Q2HQR6,8.146316528
F4YTG7,6.262880325
B0JDP9,2.846988201
C5H429,7.609472752
A0A1B4Z3V0,7.524336815
A7L844,4.513004303
Q72K29,7.271315575
P77690,7.986646652
P20971,8.132076263
Q6XMH6,7.567092896
Q5XNQ9,4.188232899
P95949,7.555678368
F6MZ55,8.180365562
Q9L4P8,8.262782097
I6YG32,8.140748978
Q9UH17,7.089755058
G9FTP5,4.755256653
O74725,7.447175026
P48775,8.123695374
B4XEK7,6.552046776
A5K3U9,7.913615704
Q43528,5.200929642
C6FWH0,8.108172417
O46419,7.901526451
P41021,5.301122189
Q14DK4,7.399513245
Q2I8V6,7.859060287
B6CWJ3,7.138912678
Q585M6,7.118225098
M1WA41,7.196671486
P80524,8.146052361
P24157,6.881063461
D0QU16,4.496890068
B6ETP1,7.919190407
M9W6G9,7.360258102
Q25BW4,6.591833591
C1KKR1,7.519162655
R9UQG9,6.888510704
B6DQK4,7.212146759
Q72K04,6.962955475
Q96UI5,4.730715275
G4RJQ1,6.785411835
Q5UPJ7,7.791968346
Q4K423,7.020181179
E6U5H4,8.710859299
Q88L96,7.957937241
L7Z147,8.74750042
P86453,7.989625454
A9TLP4,7.720678806
Q03774,7.59457159
D8VPP5,6.886809349
Q95AJ2,7.707680702
A0A481MY41,5.224596024
Q57703,7.377521515
A0A3G9FT71,7.2619133
Q8TSX5,7.634260178
Q9A9Z2,7.207218647
P09417,7.420397758
P9WJ61,7.435600281
Q9LBK2,7.658531666
C5MR76,7.866423607
A5F5Y6,6.631305695
P0A7E9,8.035057068
Q07993,8.799116135
I7FDJ2,8.298444748
A0A133Q8U5,8.023677826
Q4F6N6,6.527667046
O58801,7.450688839
Q6QHT8,7.593188286
O00095,3.657822609
Q2HQR9,8.101869583
D2DRC5,6.924709797
Q9M066,7.77570343
A0A3S6IVW5,7.366557598
Q8DPI4,7.927482605
Q9ZP04,5.286743164
P73322,7.070118904
P29717,4.93871212
D2IX45,6.770903587
Q5LRT0,8.183364868
P04718,7.797320366
Q868I5,7.758172989
Q0JFI2,7.734313011
Q93L51,7.352027893
E7FHL9,7.872858524
Q9PTN3,6.691026688
P03433,7.238526821
O84919,8.036776543
Q08J23,7.767925739
C9K2Z6,7.241419792
Q2KIG3,7.937006474
Q70I53,8.063011169
Q8ILF7,7.464416504
Q6PBS3,7.650260925
Q8L7S6,5.189943314
A8QW53,7.613325119
A0A2I4KDZ0,7.596124172
A7PQW3,5.732280731
C7FFK1,7.260973454
Q764C1,3.985122204
C0WZ89,7.01818943
Q9ADE8,7.377168655
O22683,6.85883379
Q9FIY1,8.096471786
P45395,8.762526512
Q5JJ72,8.052679062
Q2HQS3,7.918483734
Q5CAF4,7.675922394
A3MWK6,7.969677448
A8HYF7,8.730918884
P41814,8.058651924
Q9I4G8,8.617110252
Q0SH27,7.370571136
Q9M4V2,7.359565258
P39135,7.210533142
H6UWP3,5.18653965
Q95PK8,7.146676064
Q8U1H4,6.12139225
Q58280,7.782559395
Q7YS62,7.950200081
P9WHV5,6.96109581
G4T023,7.532438755
P10270,7.331397533
P00636,7.823571682
T1WWR8,8.162067413
A2QR21,4.942513943
I3DTN4,7.496770382
Q5APF3,7.406257629
Q9LE86,7.23388958
Q6RH62,7.46126318
Q5IS34,6.702119827
P35520,7.850940704
Q16MV6,8.039351463
Q90WM0,7.040450096
A0A099D4T8,7.675300598
Q5JFV8,8.196193695
A0A127JBT0,6.948312759
Q4A6S8,7.918557167
P37303,7.549445629
Q96FI4,6.992094994
Q47YG3,7.955026627
P23677,7.524147034
P57665,7.915750504
G3XCK6,7.470089436
J9VKS8,7.621876717
A0A068LJN3,8.059561729
Q756Z6,8.186916351
Q95PK9,8.754718781
C7DIA5,7.625819683
A0A0A7AN31,7.668337345
C9D7S2,7.665455818
Q841V6,5.072263718
P07741,7.617491245
D0IZN8,7.002571106
V6BP73,6.722074509
F7J5X4,6.912243843
Q9HC16,7.225759983
Q9LFG7,6.536484718
Q73KK9,8.094089508
P00936,7.594964027
E7FI45,7.35699749
Q2WG72,7.551923752
Q5GMP2,7.457810402
Q5I7J0,2.94353199
B7T912,7.960879803
A1X864,8.702887535
P00509,8.076147079
Q65N98,7.484174728
G7H7Y1,7.315412045
C4LSN1,7.644304276
A9AYF3,7.569308281
Q0ZS20,8.074052811
I3RFR5,7.960520744
Q4F867,7.15755558
C1DMP8,7.265313148
P0C0X1,8.980392456
O82647,6.964183807
D4HRL0,4.301115036
K4BS77,8.088882446
Q4U1A6,8.000459671
P9WK21,7.19853878
A0A125T1T5,7.666597366
P19921,7.532418251
Q41376,7.288706303
Q46078,7.112429142
D6RU55,7.188622952
Q5DM89,7.325276375
B3WD16,7.825735569
T1T1K2,7.574205875
A7KME9,5.274475574
Q9KPJ7,8.184052467
O48741,7.386165619
P94293,4.303974628
C9DRU9,7.871132851
G1UII1,8.204227448
C9V492,8.289237976
Q8R5M5,7.459618092
A0A060PQX5,7.796653271
Q70GK8,6.789394379
P19254,5.289355278
A0A455KZK8,6.839616776
Q316W1,7.848525047
A0A2I6U1R5,6.36938858
Q3HRV6,6.85741806
G3MDB2,6.932624817
Q6Y656,7.980712414
B7ZF08,7.786944866
B1NM15,7.367594719
Q9HIA3,7.67097187
G3CRD1,9.03753376
P33247,7.276486397
Q9I8C5,7.189255714
O15488,7.534926414
P50227,7.925134182
Q9CQF9,6.362527847
O30144,7.491920948
Q06749,7.357532501
O60701,8.68459034
A0A3M7JTD4,8.646381378
A0A228BX09,5.940677166
P29141,8.5057621
Q8EMP4,7.562349319
B3TNN8,7.547667027
Q3ZMA8,5.489748955
P24186,7.756553173
Q0PB96,6.7134552
Q8NMD2,6.915198326
P62058,7.524029732
Q9LJP4,7.178200722
P31658,6.770158768
A0A1D0BQV8,5.478981495
P15558,6.99324894
D9TT09,6.721090794
P28248,6.645849228
C7C422,7.116827965
B6E623,7.593589306
O95749,7.156790257
K4BTE6,8.169127464
R4UMR3,6.500825882
Q1JU59,7.20023632
Q335V9,5.836922169
P54471,7.97325325
L7Y8B0,7.882597923
O81985,4.738348007
A0A6C7EEG6,6.737443924
Q3BEM2,7.527051926
Q5UY95,7.475324631
P10056,5.802371979
Q9Y2J8,6.855414391
O67572,7.555212021
P52097,7.49368763
P24806,5.263571262
Q8I2B1,6.959150314
D4ZTT4,7.936638832
Q6ST23,7.883695602
L7T8Y9,8.17403698
Q27758,7.68832016
Q52500,7.902952194
Q9HFH0,5.323152542
P30711,8.416339874
A0A286JZ72,4.428134918
Q7DM12,6.953509331
A0A0S3WYP3,7.18901062
Q9FN52,7.442002773
A0A172WCE4,7.456011772
A9V766,8.091615677
B2V8E3,7.46815443
Q53TZ2,7.898569107
C7EX18,7.705880165
Q8L7J2,6.376857281
A7YN26,6.831307411
C0BTD8,5.547607899
M1GCP8,5.947208405
Q9NY59,8.146783829
Q9AXM6,7.749252319
D0EAP3,6.857467651
Q86D28,8.008752823
D3GE78,7.740496635
Q2I828,8.320445061
A7LGL0,6.295390606
Q5AJZ3,7.252825737
Q91VL8,7.622103691
Q96PD7,7.510053158
P94556,8.427623749
P80175,6.984001637
P16469,8.085154533
P21888,8.014879227
A0A109P632,7.111154556
O32106,8.118455887
Q9YGB3,7.777505398
P29378,7.230348587
Q5JIZ3,7.985206127
B6D1W5,6.404463768
Q9LD80,8.30512619
Q96XN9,7.276653767
Q9ZAP8,7.106902122
Q9H1B5,6.865838051
P10584,9.41356945
Q96Y14,8.066505432
Q9ZT48,8.183444977
A0A0U4MTX7,7.433642387
A0A5Q8BPF5,7.570010185
P9WJJ7,6.954349518
A5UP31,7.796175003
P9WKJ1,7.793032169
P42738,7.027554989
B1PHD3,7.118008137
C6L823,6.845582962
P32189,7.503714085
Q877I5,8.086572647
A0A0P1DJE3,7.58171463
A0A168KIJ9,3.649628162
I2CMF9,6.807692528
O67931,7.939849854
Q9WYH8,6.987631798
Q5W915,7.388666153
A0A090B6R9,6.856185913
G0YYC4,7.66960907
Q42868,7.514408588
Q6A0I4,7.860712528
A0A0S2I591,6.911513805
P00175,7.256595135
Q8IEX1,7.307365894
Q8W471,7.555439949
P39956,7.316105843
Q6SZP8,8.056160927
P80656,7.724157333
O50083,7.423371315
C0HJ40,7.793680668
P34896,7.506304264
A0A4V7TJX0,8.180740356
F9VNG5,8.452981949
C7SEV1,5.627111435
Q96F10,7.64598608
Q9RBF2,8.204105377
A0A0H2WVX4,8.513571739
Q24K62,7.315599442
A5IL00,8.012462616
P26811,7.473646641
A4IQU1,7.708208561
Q0ZR36,5.260314465
Q9Y223,7.616071701
D5MTT1,7.819254875
Q8J0Q0,5.76183176
Q8E927,7.263895035
Q6SJ61,7.627733231
L8B3Z6,8.860305786
Q9UJ83,7.265250206
Q6STM1,6.842834473
Q9MZS9,7.606147289
D5LLN7,7.280703068
D3TTH9,6.290017128
Q006Q0,7.048626423
Q9KVI8,8.73978138
Q65DN5,5.809200287
Q9AJC6,9.399262428
B1B5E3,7.094914913
Q5FMB7,7.297358036
Q97ZF1,8.199401855
O86224,7.667444229
Q45NF5,6.956447601
A1XG20,7.549652576
H9N289,7.36871624
E2IHC5,7.516751289
Q27Z07,6.904687405
Q80Z26,7.126174927
Q4DEJ0,7.236453056
Q8FL89,7.994194984
D3KVM3,6.899237156
P9WQB3,7.634486675
Q8H191,7.968229771
D5FKJ3,7.490060329
Q9XF81,7.551695824
B2IZG6,9.060625076
P13255,7.702449322
Q9NXS2,7.394328117
C5XXT8,8.037137985
Q55088,6.42591238
Q9S3U8,7.878875732
Q9WYB3,7.702058315
Q2I6W5,7.136790752
P22936,7.500828743
P09391,6.726034164
Q187D4,7.854970932
A8YPP3,4.848390579
G7YHN5,7.987305641
C7G3B8,6.321985245
O49855,4.920258522
I3QNS7,6.209199429
B1XLK5,7.962128162
O34508,6.800727844
I3DTM3,8.13130188
B0M0V1,7.778184891
Q9SYK0,5.199444771
P33038,7.33079052
P19265,7.918950558
A0A0U3U5E8,8.376420975
P30632,7.718484879
Q6QGY5,7.149430275
P95867,6.365917683
A0A1J1EM40,7.568152905
P40495,8.102128983
Q0GC07,5.378882408
P18644,7.361973286
Q9F9T3,7.112076759
Q97UN3,6.082649708
Q9NRW3,7.165305614
Q9Y7P0,7.709038734
A0A1L5IUR2,2.81378603
Q8GUE4,7.5078125
P17182,7.249671936
P48740,7.001579285
Q00985,7.029666424
P31343,7.23381424
U5JE22,7.372260094
F7YTI3,4.375239849
Q12463,7.531992912
P12277,9.390590668
A0A1C9ZZ39,8.347875595
G2RGW4,3.468699932
P42216,9.455631256
P40345,7.651096344
Q7U4Z9,7.246791363
P00751,7.544409752
Q0GND9,7.565663815
A0A2L2R220,6.840946674
G9M5R4,3.814033508
P9WKL1,7.978241444
C6L684,5.005907059
G1ARD5,7.154135704
Q9P6I7,7.367688179
Q28653,6.97324276
Q9VSM6,7.308728218
D4N892,8.098604202
A0A0K2GVV7,5.785628319
M1VDX3,6.943217754
Q9I685,7.292057037
Q7K9G0,6.365962029
Q5JDJ7,7.056473255
P0A9S5,8.094568253
Q76L36,8.140670776
T1SEU9,6.765304565
Q9R0P9,7.381840706
A5YM72,7.313296318
A1VMN2,7.466813564
Q208S4,5.862102032
J7LH11,7.531340122
Q05526,7.011768341
A0A0H2UN41,7.812604427
A6N8S2,8.207074165
F2X2F9,7.6391325
Q20CK7,7.407601357
Q4U338,7.693546772
A0A286K338,9.677952766
Q31QK9,8.843662262
M4GRS1,5.029963017
Q8TP42,8.140798569
Q40733,7.191236496
Q09LX0,6.952970505
A6X7I5,7.576046944
Q7WT42,7.322165966
G3KFX4,8.247672081
A0A1B1WA14,7.24604702
B1HX72,8.809368134
Q980D0,7.673361778
A0A2H4PKA2,6.124524593
Q9FKB3,7.689562798
A0A2I7M6F6,8.202507973
P53610,7.113930702
Q5SKV8,7.533899784
Q8ILT0,7.296117306
A9CK16,7.611442566
Q9H8P0,7.617758751
Q7N6U8,8.330741882
A0A0G2R4X7,8.035005569
Q7M135,8.472622871
P21693,7.460315228
Q58428,7.127818108
Q5SH52,7.998495579
Q5PRC6,7.378983021
Q97U35,7.10616827
C4TJD3,8.028388977
P50554,7.986820221
P48629,7.453684807
Q59IT3,7.781394958
Q81W29,8.932562828
O29841,7.642997265
B5LX62,6.798886299
Q21JW4,6.157299995
P06525,7.155569077
P00359,8.315936089
Q08169,5.731277466
Q9XUS5,7.523111343
Q9PF60,5.664513111
Q2VAZ3,7.053468227
Q964H2,6.709730148
Q8IJS1,7.448716164
Q59618,7.654211044
O24736,7.195486069
Q7QF91,6.997698784
O95932,7.234898567
Q5UB52,8.45070076
P42588,8.456602097
T1UPN7,7.185714722
A3DIL8,7.300794601
P24158,7.902150154
P07941,7.165957451
Q8ZKQ6,7.187515736
Q3LSM4,8.143780708
Q9CA75,6.708927631
Q8KZT4,8.558246613
A0KL98,9.145124435
P95189,8.180392265
P98194,7.490169525
P0ABN1,7.869033813
A0A291I5R3,6.367668152
A8WCU3,7.377978325
A4VMZ0,7.650631428
P17050,4.321269989
C4M2I2,7.100917339
A0A143G976,10.27210712
P53555,8.703017235
A0A221LFZ6,4.271377563
Q90WX1,7.296334743
E5F146,6.757679939
Q9KPS2,7.045156479
A0A545BBR2,9.036149979
Q9Z2A5,7.735236168
Q1ENB6,8.10656929
S4VCH4,7.837380409
U5RZT9,6.164571285
A9W9U6,7.230799675
O50123,8.219326019
H6BG92,7.344053745
A0A075B5G4,8.546451569
Q6QLL4,7.676684856
Q70KY3,4.419499397
A8CF65,7.539016724
Q70DK5,6.182457447
Q93X46,7.912982941
Q9P8H5,5.316854477
O96437,7.702399731
V9SDP6,7.135221481
O48709,7.373469353
Q7YT62,7.722783566
A4CYJ9,8.172933578
Q4W1X2,7.646547794
P55211,7.376661301
A0A140JW76,7.909008503
C0IRI0,5.775424004
A0A165QBG6,6.356916428
Q9M0B6,7.553145409
Q9X6Z2,10.2350235
O33707,6.985109329
B3VI58,7.491173744
Q9KZL0,7.353492737
P03697,7.116818905
C7FF04,6.589959145
O35795,6.854387283
O95237,7.348059177
O67379,7.516204834
Q9LJH5,7.456218243
P15334,7.434822559
P94531,5.630072594
F4NCC3,7.668178558
O93634,8.48254776
A0A3Q1MJ30,7.251346588
P0A9G6,7.51133728
P55212,7.401788712
A3GHR6,7.175395012
C6XY24,6.581068039
P51182,7.414262295
P43099,6.533792019
Q9VRQ9,7.542122841
O22975,7.180012226
Q6RHY1,5.884619713
Q6LFH8,8.077177048
Q55145,7.76293087
A0A0K2X0F2,7.890376568
Q3HL75,7.095989227
Q9HXT9,8.013629913
C3MC80,7.434307098
P77978,7.739938736
P21170,7.514367104
Q4QEZ7,6.570418835
B3GNT7,7.404014587
A8CF76,6.580908775
P30749,8.026090622
Q8BH86,7.495415211
Q5E9F2,7.369866371
G1EHI3,7.658869267
A8INZ7,7.396818638
B8YAC9,6.704034805
Q88IJ7,8.265568733
A0A1L1YPD7,7.559840202
F5HPS1,7.857689857
Q3L8N0,6.355685234
O87872,7.462226391
Q3C1A6,7.852238655
Q1KLC8,6.560893059
Q59971,7.405368805
Q93V61,7.168886185
Q53U20,7.288978577
B6UYJ2,7.000930786
O00767,7.381777287
P79074,5.137353897
C0LZJ6,6.742967606
Q6Q271,7.959323406
P98060,7.519016266
Q8NQE1,7.653824806
D8KIT5,8.268596649
P95868,6.258379936
Q57872,6.995206356
A0A141NXG8,6.800353527
Q7X2D3,7.709018707
A0A120MXM3,7.619509697
P26997,7.771698952
Q93EN4,6.581922054
W8DVW0,8.376579285
A0A0C5QH30,7.395372391
P18440,7.015893936
U5XYA0,7.797716618
Q8PYZ8,7.848019123
Q9C1S7,5.127684593
Q9RJ84,7.398134708
D3GGN3,4.661587238
Q94F00,7.824091911
Q9NY33,8.061300278
P20960,7.472012997
Q80A54,6.379076481
O73939,7.686934471
Q9QZL2,6.874971867
