uniprot_id,topt
Q8YX97,30.0
D2Z028,30.0
Q42588,22.0
Q5MYA1,22.0
P95231,37.0
Q39218,25.0
P43886,25.0
Q03BU2,25.0
Q0ZB96,25.0
A0A0H2UNY1,25.0
Q9Y223,37.0
Q51662,30.0
D5GU62,51.0
P21890,13.0
O05268,25.0
Q96YN9,80.0
Q58085,37.0
O66747,37.0
Q6FU96,37.0
P52917,37.0
P55072,25.0
Q75JI3,25.0
P14295,30.0
Q59280,37.0
P62058,37.0
C1KGU6,30.0
Q92MJ1,30.0
G7YHA8,25.0
G5ADV1,30.0
A0A0M3KL45,21.0
A4YI89,65.0
D3RXI4,85.0
P74569,30.0
Q52UN2,37.0
Q06115,37.0
Q2YS20,37.0
I3QNT0,37.0
I3QNT2,37.0
I3QNT4,37.0
L0CM48,37.0
A5HKP3,37.0
A0A087D2Y1,37.0
I3QNS7,37.0
I3QNS8,37.0
I3QNS9,37.0
B9V401,37.0
Q74JG0,37.0
Q74LX7,37.0
C7AQX8,37.0
H6WSA2,37.0
B9V405,52.0
Q83YZ2,50.0
C7CXJ5,50.0
G0YYC2,50.0
A0A1B3PS02,55.0
J7H3P9,41.0
A0A4Z0GFP0,70.0
P30986,37.0
P46959,30.0
P41814,30.0
Q96FX7,30.0
Q9UJA5,30.0
A5U6Y7,37.0
P08303,40.0
A0A0T6DN91,25.0
Q8L2Z7,37.0
Q6LA34,90.0
Q08IT1,30.0
Q141Z6,30.0
P0AC33,37.0
O00767,37.0
P07308,30.0
Q6P7B9,30.0
P49888,37.0
P0AE01,37.0
A0A0H2ZF87,37.0
V5TDP2,37.0
E0XF09,25.0
A4YG49,53.5
Q8VP44,40.0
Q9X2G3,75.0
Q7WTR6,37.0
Q2MF17,37.0
Q8G8Y2,37.0
P07059,33.5
P11586,30.0
P24186,30.0
Q46A53,37.0
Q8KKH9,40.0
Q01740,37.0
Q99518,37.0
Q9EQ76,37.0
P97501,37.0
P52046,25.0
Q6NQ66,25.0
Q9LYD8,25.0
O81030,25.0
C8CCV9,22.0
P33022,35.0
Q10468,37.0
O07427,37.0
O80959,30.0
Q8H133,30.0
O49284,30.0
O23179,30.0
O48723,30.0
O23181,30.0
Q9FIY1,30.0
O23180,30.0
Q9SV43,30.0
Q93ZQ3,30.0
F6MZ55,37.0
F6MZ56,37.0
P29935,30.0
Q5J7D6,22.0
B6D5I7,37.0
Q8GUE4,30.0
H020163,20.0
P35670,25.0
O67432,75.0
O67203,75.0
O30085,55.0
A1JHN0,28.0
Q9SF04,28.0
Q80Y20,37.0
Q96BT7,25.0
Q7M181,30.0
A6UKD1,30.0
Q92MM4,30.0
A3TM80,30.0
F7Y223,30.0
A1T974,30.0
H0FT96,30.0
A6X7I5,30.0
E45,30.0
B3IVI7,30.0
Q88QV2,30.0
I4DST8,22.0
Q9Y6A2,37.0
P77690,30.0
Q2VEQ7,40.0
O58389,65.0
P11759,37.0
P35270,37.0
P18297,37.0
A0A172EJV6,50.0
Q12383,30.0
P15289,37.0
Q8WNR3,37.0
E1V4Y1,25.0
Q9X1N5,65.0
P0AC78,37.0
Q7TSV6,37.0
H3ZNI2,95.0
A0A0U5A554,30.0
K1QH67,30.0
T020910,30.0
Q9AJE3,30.0
Q18014,25.0
A2IBI0,35.0
Q6FBP5,30.0
Q9M1G8,37.0
Q9FPF0,37.0
Q9MAH3,37.0
Q8VY09,37.0
Q9ZV19,37.0
Q46948,22.0
Q66WM4,37.0
P25081,22.0
Q9AGZ4,40.0
Q5JBG6,22.0
O16025,22.0
P28248,37.0
D6QSX9,36.0
A0A1D7YZ01,37.0
A2TBB4,37.0
B1GSN6,37.0
C0K087,37.0
B4X9S4,37.0
Q7CIZ7,37.0
B6RGT1,37.0
C0BTR1,50.0
B7GTV0,50.0
A0A125R6G8,55.0
F6IQ86,60.0
A3R0T9,37.0
D5TM67,55.0
A8CF74,22.0
Q53U15,30.0
C0P9J6,37.0
G5DDC2,37.0
C6KEM4,37.0
B6ECN9,37.0
Q9S795,22.0
Q9STS1,22.0
Q8VWZ1,30.0
Q93YB2,30.0
A4YI81,65.0
Q12382,30.0
Q8W257,22.0
E4QP00,25.0
D5KB61,30.0
Q9KWY4,15.0
A1YYW7,30.0
A8WEG4,65.0
Q17TZ1,25.0
P19111,25.0
P00634,25.0
B4Z1D6,37.0
B4Z1D7,37.0
A8TKU6,37.0
P70881,60.0
P31927,30.0
P93782,26.0
I7LW01,30.0
P9WIJ3,30.0
Q8ZLM7,30.0
Q9FUZ2,37.0
Q6VT21,37.0
Q8E378,37.0
Q672W7,37.0
Q75UV1,70.0
P0A776,37.0
P09339,25.0
Q64428,37.0
Q9ALV2,25.0
Q0BRB0,25.0
A0A090B6R9,37.0
Q6FF00,37.0
Q1L6A3,37.0
Q8PWY1,37.0
C4M0W5,37.0
P0A784,37.0
P57665,37.0
A0A069Q255,37.0
A0A0D6ISP5,37.0
Q47VZ4,25.0
Q7Z2E3,31.0
P81527,25.0
B0B552,25.0
P04179,25.0
T1T1K2,25.0
D9Q0R7,25.0
D0EAP3,25.0
A0A1L5JYH9,25.0
P61502,25.0
M9QJD2,22.0
Q0PKG3,70.0
A0A0S2E8T0,30.0
Q08713,95.0
P11964,37.0
F6JRN6,37.0
P08294,37.0
Q9Y8D9,37.0
P84612,15.0
G9D320,21.0
G9D322,21.0
G9D319,21.0
G9D323,21.0
A0A0U1X631,35.0
A3RLW7,55.0
Q1HEQ0,60.0
Q9A919,25.0
A4PEU6,30.0
Q9XB14,20.0
Q73Y99,20.0
G4I5P8,38.0
I72,30.0
Q5GMP2,30.0
Q1XBU5,30.0
Q8Q2U5,37.0
Q8Q2V9,37.0
F324493,37.0
A1Z651,37.0
O82832,42.5
Q5I7E1,37.0
M9VU49,37.0
M9VRD0,37.0
Q9I5I6,37.0
P35520,37.0
B8D484,50.0
Q8J2N2,50.0
A0A2I7M6F6,45.0
Q95V75,37.0
Q7KF27,37.0
Q9RF52,37.0
Q95V76,37.0
Q6P179,37.0
Q9GQ37,37.0
P91803,37.0
Q10712,37.0
Q8GZD8,37.0
G4VFK1,37.0
P28838,37.0
G4LVV4,37.0
P68767,37.0
O32106,60.0
A0A3S6IVW5,42.0
C6FWH0,20.0
Q9WZC1,65.0
Q5CD72,20.0
O07051,30.0
A8RG82,55.0
P36107,30.0
Q3J125,37.0
P22317,27.0
Q9Z354,60.0
P77044,25.0
P02794,25.0
M9PLY0,25.0
P13635,37.0
Q8KBP5,22.0
Q8DL82,20.0
Q9HXM5,30.0
Q81W29,30.0
Q5ZUR9,30.0
A1KU15,30.0
P99106,30.0
Q2SWW9,30.0
Q4VRV8,37.0
P20839,37.0
P12268,37.0
A0A0K2E8F8,37.0
Q59Q46,25.0
Q756Z6,28.0
Q13867,30.0
Q01532,30.0
A9CQL8,24.0
Q9DB60,24.0
P65907,25.0
H9D0Z2,25.0
O66990,49.5
Q5ECC3,30.0
Q9HVF1,30.0
Q01172,30.0
C0SVZ6,37.0
C6L7V8,37.0
C6L7V9,37.0
Q9UWP2,37.0
P21888,37.0
A0A075BSX9,40.0
O74634,30.0
Q9ZTS1,25.0
P56192,37.0
O14717,37.0
Q8TEA1,37.0
P38205,30.0
Q9HGQ2,30.0
O13935,30.0
B1NF19,30.0
O08796,30.0
C3UVB0,30.0
O80467,30.0
Q4TZQ3,22.0
A8QDF0,30.0
A8PUY1,30.0
A8PUY5,30.0
A8QCW4,30.0
A0A0E3GVY6,60.0
Q9ZW86,30.0
Q8LAN3,30.0
Q8L970,30.0
Q95W53,37.0
Q95W51,37.0
P54001,37.0
P13674,37.0
Q81LZ8,20.0
O55:H7,30.0
Q4FCM5,20.0
U5NDT8,30.0
Q2UVB3,37.0
B8XA40,30.0
P16101,25.0
D7UQ40,30.0
G0T3B3,30.0
Q8YLF9,37.0
Q4K423,25.0
F7J5X9,25.0
A0A2C9EVE6,30.0
P56744,37.0
P62620,37.0
Q2PS28,20.0
D9MPF2,30.0
C1DMP8,32.5
P77978,70.0
O28126,50.0
P06961,37.0
B1PT66,40.0
Q9I1X3,30.0
P80702,25.0
D7GXG0,30.0
D7GXF9,30.0
Q6TEC1,37.0
Q8VPD4,30.0
Q4F867,25.0
B5AR80,25.0
B5U982,37.0
Q90W54,37.0
O74237,25.0
Q6Y0Z3,37.0
C5J3R6,37.0
Q57878,80.0
Q8NE62,37.0
P32783,37.0
Q9UHL4,37.0
Q2G8A2,30.0
P72156,25.0
A0A1D5YL35,30.0
A0A1D5VHV8,30.0
A4I213,37.0
E9BLE1,37.0
P36969,20.0
Q8W259,40.0
B8K1J5,23.0
Q08891,30.0
Q8VWZ6,45.0
Q01578,25.0
Q45071,45.0
P94531,42.5
E7CY70,57.0
O54161,37.5
O69262,60.0
A4XJR8,80.0
Q9XBQ3,40.0
L0N6Q8,35.0
Q9FG41,37.0
E2GHW5,37.0
A0A0D1BZQ4,37.0
A0A0K2SQX3,37.0
A0A0K2SQX4,37.0
A0A0K2SQZ9,37.0
B6ZGN5,50.0
D6QST5,50.0
B5MGR0,50.0
B5MGR1,50.0
P93031,37.0
D3JU53,37.0
A9CK16,37.0
P47058,37.0
Q9URQ3,37.0
Q58517,37.0
O60488,37.0
Q8ZL58,25.0
Q82M04,60.0
Q3MUH7,45.0
Q82K30,55.0
Q05929,22.0
H8F9Y0,40.0
P93046,20.0
Q38911,20.0
G5DAC8,37.0
G5DAC9,37.0
A0A067XSJ2,37.0
G2QHR7,72.5
Q8KHZ8,25.0
P49040,37.0
Q00917,37.0
Q9M111,37.0
Q9LXL5,37.0
F4K5W8,37.0
Q9FX32,37.0
Q43009,37.0
Q820M5,37.0
Q8TWU6,70.0
T1KZQ3,37.0
K0INW1,37.0
A0A0K2GAS4,37.0
O22683,27.0
Q9FWK4,27.0
Q6VVW9,37.0
Q6VVX0,37.0
Q9R0X4,22.0
P41903,30.0
O00154,30.0
O14734,37.0
Q8VHK0,37.0
P0AGG2,25.0
Q93CG9,25.0
Q8TDX6,37.0
Q8N6G5,37.0
Q8BJQ9,37.0
Q8C1F4,37.0
E1C2T4,37.0
A4YEG2,75.0
P37107,25.0
G2IQQ4,25.0
P11569,37.0
P11570,37.0
A0A1B0WVE7,30.0
Q68FP2,37.0
Q15165,25.0
Q4J6Z8,25.0
P49017,37.0
P03366,37.0
P03355,47.0
P13319,30.0
Q9Y948,50.0
P0A6L0,25.0
Q9Y315,37.0
Q2FZP6,37.0
Q6QHI7,30.0
Q8EZA6,30.0
P0A722,30.0
Q9SU91,30.0
O57693,70.0
P47205,30.0
O67848,30.0
Q60358,70.0
Q88Z02,70.0
P0A790,37.0
Q5JJ82,85.0
Q3BS08,30.0
B3EWG9,80.0
I6YG32,25.0
Q4DSU6,37.0
Q0DBF4,32.0
G9MBW2,47.5
O09175,37.0
P15877,25.0
P13650,25.0
Q8ZUN8,75.0
Q81DR3,37.0
Q46079,30.0
Q838N5,35.0
Q8EBE0,40.0
Q831B2,25.0
D5HN83,45.0
G1JTZ7,37.0
D0EFL2,22.0
A9TXA6,30.0
B6T563,30.0
P23526,41.0
P50251,80.0
Q9I685,20.0
P50250,30.0
Q0P9D3,37.0
B1YBY5,65.0
A0A140NCJ5,55.0
P0AFC0,37.0
D8KIT5,30.0
Q9CA40,30.0
O30126,50.0
P0A8I8,37.0
O32223,37.0
Q96AB6,37.0
P55212,37.0
A0A2I6STS0,37.0
P77243,31.0
P45859,31.0
Q9NPC4,37.0
Q971K2,60.0
Q01651,25.0
P61879,50.0
P80884,25.0
Q5SKR5,25.0
Q9L9I7,37.0
O95363,37.0
Q9NSD9,25.0
Q8EEB0,25.0
I3VE77,30.0
I3VE74,30.0
Q9LUE1,30.0
Q9LUD9,30.0
Q9LIA0,30.0
Q9U4Y0,30.0
O28579,65.0
Q5CYP8,22.0
Q580R7,22.0
C4LU94,22.0
C4M7U9,22.0
C4LUB5,22.0
Q9UGM6,22.0
Q8CT69,25.0
P00953,37.0
Q6PBS3,37.0
P17248,37.0
Q9SR15,37.0
Q8DR60,37.0
Q6RUF5,37.0
Q53TZ2,30.0
H6TG59,30.0
P33643,37.0
A0A191T893,37.0
A0A191T887,37.0
Q9SLN8,35.0
Q5DRK1,37.0
Q9SQG2,22.0
Q9SPM5,22.0
Q7A4T2,26.0
Q5SJC3,70.0
P09172,37.0
O55236,37.0
Q5UQX1,37.0
A9PF83,25.0
Q9SPV4,30.0
A0A0A1E7P5,30.0
Q00441,30.0
A0A099D4T8,30.0
Q8E5N5,25.0
Q2WFW5,37.0
Q86X52,37.0
Q8IZ52,37.0
A2V663,37.0
Q9P2E5,37.0
A0A090IMH4,30.0
Q8H0F2,30.0
Q598P5,37.0
P0A7Y0,37.0
Q9UPY3,37.0
Q92R47,37.0
O51648,37.0
A0A1Z1ZKD0,37.0
C7GRB2,30.0
A6YSL1,25.0
Q9FA01,70.0
Q818Z9,21.0
O04385,30.0
B5UAT8,30.0
A0A0H2URG4,37.0
Q8L0V2,37.0
O31156,25.0
A0A093YC30,10.0
P95619,25.0
Q7X3G5,25.0
Q58991,60.0
Q9BYC5,37.0
B1Q4V2,67.5
P81762,37.0
P53396,37.0
O74009,37.0
A4YEG1,75.0
A4YIE3,75.0
Q05874,30.0
P53200,30.0
Q8WVE0,30.0
Q96GD0,37.0
T5,37.0
Q6QGP4,25.0
A0LR95,70.0
Q2PGY1,55.0
C6ZHB0,55.0
D1KJJ7,55.0
P36218,50.0
Q3S401,50.0
Q5EFR9,50.0
A1XM14,50.0
B2LWN3,65.0
Q47QL8,80.0
Q8RJN8,25.0
Q8J0K5,40.0
D1G4K3,75.0
P10478,30.0
O32374,30.0
E18,37.0
C5BJ89,37.0
Q45VU2,60.0
C6FX34,60.0
G2QIK8,60.0
G2QDB9,60.0
A0A2H4RAC5,60.0
Q9RMM4,60.0
A7TVD4,60.0
Q9X584,60.0
A0A172MAU1,60.0
P18429,40.0
D1GFE6,40.0
Q56265,55.0
Q8GTJ2,45.0
Q7Z1V6,45.0
E3WF08,35.0
D0QF43,85.0
Q9TZN8,30.0
O24297,25.0
Q9NQ66,37.0
Q8K4D7,37.0
Q9Z1B3,37.0
P10687,37.0
Q8A8Y4,30.0
Q5GJ60,30.0
Q1EG72,30.0
B0CN31,30.0
M4I787,50.0
Q5SH52,25.0
O97071,50.0
Q8GLS8,37.0
Q9ALN8,25.0
Q9I299,30.0
Q9I297,30.0
A0A141BQM9,37.0
P17811,37.0
A1TH50,30.0
O07177,37.0
Q60114,37.0
P05655,37.0
Q5IS34,30.0
Q883P5,50.0
O68609,60.0
M9UYB0,40.0
Q8NBP7,20.0
A0JC77,30.0
Q3SYC2,37.0
Q97YM2,80.0
Q96UI5,70.0
P81156,25.0
A0A068CB13,37.0
Q9HFQ1,37.0
Q0PGS3,40.0
Q9S7E4,30.0
Q0E4W0,20.0
P0A870,30.0
C0H3U9,45.0
A0A0A0RDZ8,30.0
P53052,37.0
F7J5X4,25.0
Q3BS03,30.0
Q9YGI5,25.0
P24855,37.0
P11936,37.0
Q8JIP7,37.0
Q5KTT1,37.0
Q5KTT0,37.0
O42446,37.0
Q9BYV7,37.0
Q99NF1,37.0
E1C8E0,37.0
B2RCV8,37.0
Q5EXK1,30.0
E7CYP8,30.0
Q8NLB6,25.0
Q4CW46,37.0
Q6DRC0,22.0
D0UD39,30.0
P51580,37.0
O55060,37.0
Q8IBI4,37.0
Q9I492,30.0
Q5FB93,35.0
O81086,25.0
A0A097SRT3,22.0
A0A0E0UUX4,30.0
Q6R7M4,30.0
I0GZ55,55.0
Q6K1J1,37.0
P16662,37.0
P19224,37.0
O60656,37.0
P22309,37.0
P22310,37.0
Q9HAW7,37.0
Q9HAW9,37.0
P35503,37.0
Q9HAW8,37.0
P54855,37.0
O75795,37.0
Q20CK9,37.0
Q20CK7,37.0
Q20CL5,37.0
Q20CL4,37.0
Q20CL1,37.0
Q20CL0,37.0
Q20CK8,37.0
Q20CK6,37.0
Q20CL6,37.0
P06133,37.0
P36537,37.0
Q6UWM9,37.0
Q9Y4X1,37.0
Q57430,37.0
Q8KN04,30.0
P9WPX9,25.0
P56081,37.0
Q8H8T0,37.0
Q9SRT9,30.0
Q93TJ5,25.0
Q9YEA1,95.0
Q32TF5,37.0
Q9F0R5,30.0
A0A0P0UTN5,30.0
O87082,30.0
B6E623,57.0
A1DRD5,57.0
Q9YBL2,80.0
Q79FV4,21.5
A8D2K7,23.0
M1WA41,30.0
Q84HC8,25.0
O06543,37.0
Q8EJM6,30.0
Q9HV27,30.0
Q9HWS0,30.0
Q16654,22.0
Q15118,25.0
Q63065,37.0
J9XGP8,25.0
J9XGZ5,25.0
A0A0U1WKA6,30.0
O49434,30.0
A9GYV1,30.0
P77425,25.0
B2YGX8,22.0
Q9ZGI5,30.0
Q9ZGI4,30.0
Q9ZGI3,30.0
Q9ZGI2 andQ9ZGI1,30.0
P39481,50.0
Q97UN3,50.0
Q53765,50.0
Q53766and Q59825,50.0
Q53768,50.0
F2Z6G7,80.0
Q9YG89,95.0
Q96Y14,80.0
P33284,25.0
Q969A8,37.0
Q96VP5,37.0
Q5W5U3,37.0
Q7ZAH1,50.0
Q5SLJ4,50.0
Q6Q8A5,30.0
P29473,37.0
P29476,37.0
P29474,37.0
P16406,37.0
P50123,37.0
Q07075,37.0
Q8I2J3,37.0
A0A2Y9CJ10,50.0
P47989,37.0
H9A5F8,37.0
F1S3Y7,37.0
B3TZD8,30.0
B3TZD9,30.0
Q5EG61,30.0
Q19A54,30.0
B6Q5I3,30.0
G7XTA8,30.0
P46010,30.0
E1A0Z9,30.0
Q46CH6,37.0
Q46CH5,37.0
Q08388,37.0
Q8VY26,25.0
P17618,37.0
P25539,37.0
Q57Z14,37.0
Q583R7,37.0
A0A542W0V0,37.0
P0AFL6,37.0
P38698,30.0
Q6Y656,30.0
A0A0D6HE46,22.0
Q9JKC1,25.0
P32752,22.0
P32750,37.0
P10056,25.0
Q12400,30.0
Q8TBZ6,30.0
Q2KTH0,30.0
Q2KTH2,30.0
Q70EW6,30.0
Q2KTH1,30.0
P06621,37.0
A9WC36,55.0
Q03774,30.0
Q12009,30.0
Q975F9,80.0
P43889,30.0
A5U161,30.0
Q9AVK0,27.0
A4GE69,37.0
Q92851,37.0
T1RRM8,37.0
P07874,37.0
Q941T9,37.0
Q84JH5,37.0
Q6Z9A3,37.0
Q4U3E8,30.0
O30511,25.0
Q88FY2,25.0
A0A0H3LLR0,25.0
V5YW53,30.0
Q4FP21,30.0
Q5LS57,30.0
Q99KQ4,37.0
Q9M6R6,37.0
P47047,37.0
P29562,37.0
P27395,37.0
Q9YS30,37.0
F409381,37.0
Q08211,37.0
A0A0H3K9R1,37.0
Q7A4G0,37.0
Q96FC9,37.0
Q9WPH5,37.0
N0E6R8,37.0
Q2FWH5,37.0
P38919,25.0
O75643,30.0
G0S0B9,30.0
P21693,22.0
P55265,30.0
Q99MU3,30.0
A7LVG6,45.0
Q8RQD1,30.0
Q5KR04,45.0
F9VNB1,45.0
Q9XHE2,37.0
P37661,30.0
P76273,37.0
Q58097,70.0
P71018,37.0
Q8JZL3,37.0
Q97WP9,80.0
Q97VL0,80.0
Q9Y9L0,80.0
Q9PER7,37.0
A9QKS0,25.0
O83522,25.0
Q9DCT1,37.0
P74165,30.0
Q9BXR0,37.0
Q8THU2,37.0
Q8TUE6,37.0
P9WGP5,25.0
Q9LCT3,30.0
Q97U29,60.0
Q309F3,25.0
O07683,37.0
P13981,25.0
P94804,22.0
Q8ZQM4,30.0
M1GCP8,40.0
C7LHI0,25.0
Q42521,30.0
A5YKJ2,30.0
P73043,30.0
A9ZM78,30.0
Q05329,37.0
P69910,37.0
P48318,37.0
K7WYY0,37.0
K7XPX5,37.0
P20228,37.0
P48320,37.0
A0A0J2E2M6,37.0
W0P1N8,37.0
A0A2Y0HLE8,37.0
A0A0D3R1A0,55.0
E0D5D7,55.0
A0A0U3JTC9,50.0
K4HXK6,45.0
Q00XA5,37.0
L0N807,37.0
O59425,37.0
O59150,37.0
O59543,37.0
O59248 andP62009,37.0
F4JKB6,37.0
Q8IKP7,30.0
Q9AXU4,37.0
A0QX60,30.0
Q9X024,25.0
P94368,5.0
A0A3L6F337,22.0
A0B8F1,55.0
Q15126,30.0
B3WD16,37.0
Q9H773,25.0
Q9QY93,60.0
A1YPR3,30.0
F8AEA4,50.0
Q8U3Y2,50.0
Q9LSV0,24.0
B27,45.0
C8P490,60.0
Q2G160,30.0
Q9BEC7,37.0
Q9CKB0,37.0
P0A6L4,37.0
Q01655,57.5
P61883,50.0
P46273,25.0
P00558,25.0
Q9RBS3,25.0
P50311,25.0
A8JC04,25.0
Q95PK8,22.0
Q95PK9,22.0
C1LT16,35.0
F5BFC8,22.0
P40332,37.0
P08397,37.0
A5A8G0,37.0
A0A077JGG8,37.0
Q0JA82,37.0
D2XEB3,37.0
A0A176VPW0,37.0
Q9XEH9,30.0
Q84LB2,30.0
P11142,30.0
P23882,37.0
Q96DP5,37.0
D4GWR6,30.0
P54869,30.0
D2D3B6,25.0
Q939D2,37.0
Q9ZAG3,33.5
K7NBZ9,30.0
uniProt,30.0
A0A0E4B3N6,25.0
K9S1J6,30.0
K9RZL7,30.0
K9S0X0,30.0
P42338,32.0
P27986,32.0
P48736,30.0
O00329,25.0
C1E5X2,25.0
A0A0M4S9Q1,25.0
Q8GAX0,30.0
A4SBK5,40.0
P54577,22.0
Q9YA64,55.0
Q57834,37.0
P0AGJ9,37.0
G3H935,31.0
Q5UPJ7,30.0
Q9ZBU1,25.0
A0LST6,25.0
P26937,37.0
Q979W2,55.0
Q6L047,55.0
P58603,22.0
D2TNS3,37.0
P34210,37.0
O43464,45.0
Q5EFU4,30.0
A0A0E4GVV3,37.0
A0A024JUE5,37.0
A8NS89,22.0
A0A1S1GKD7,22.0
A0A1V0M5M0,22.0
A0A016VAH2,22.0
A0A0B2V3X6,22.0
A0A1S2B2X3,22.0
E9NR87,30.0
Q7WUI6,70.0
G4RK44,80.0
Q9I0Q0,25.0
P39888,30.0
O60476,40.0
Q9NR34,35.0
Q5V9S2,37.0
P39900,30.0
Q5SJ01,60.0
P45261,37.0
P37251,37.0
P9WG41,37.0
Q836A5,37.0
Q5VB49,37.0
Q5VB44,37.0
Q5VB42,37.0
G4WJC8,25.0
Q6K2E8,30.0
P17597,30.0
A0A0M4NDK0,30.0
A0A0M3TGF7,30.0
Q9RJ84,30.0
Q1LRY0,37.0
C7B608,37.0
P05093,37.0
A6P663,25.0
V9LTL9,30.0
Q9XBQ8,37.0
Q01693,25.0
P9WHT3,25.0
P24828,60.0
Q8RLK7,37.0
O25294,37.0
Q9Y7X5,30.0
A0A168GPR3,30.0
A0A168GPL0,30.0
C8VAU8,25.0
Q81JK4,37.0
Q81K34,37.0
Q8LNZ3,37.0
P9WN67,37.0
A0A0H2UQY4,37.0
Q55080,30.0
P32322,25.0
O83774,37.0
P0AB85,37.0
A5F5Y3,37.0
P14410,37.0
P07998,37.0
Q29U70,30.0
P1071,74.0
P53051,30.0
D7VFY4,30.0
Q58999,50.0
A0A166HLT6,70.0
A0A1D8DGR2,65.0
A0A024SN40,32.0
Q6XK24,37.0
H1AAU7,60.0
P08017,40.0
Q8TFE5,40.0
Q72LF3,60.0
B5APK2,37.0
Q38BX0,37.0
A3FQA5,37.0
F1AQF9,37.0
Q4UDC3,37.0
Q4GZD1,37.0
Q97ZF1,65.0
O31668,40.0
I7MAL0,35.0
Q8BYI6,37.0
Q7L5N7,37.0
Q2V997,30.0
P31166,37.0
Q42563,37.0
Q9SUW2,37.0
G4WZU3,60.0
A4UU76,60.0
O00107,60.0
Q6T9Z6,55.0
G8GYH6,55.0
C4PKK7,36.0
C4PKL2,36.0
C4PKL6,36.0
C4PKK9,36.0
C4PKL4,36.0
G0XZM1,45.0
G4WZU4,45.0
Q93GB6,37.0
Q70E78,37.0
Q84B22,37.0
Q9F657,37.0
C4S833,37.0
Q13126,25.0
Q8U4Q8,80.0
Q147X3,37.0
Q4DGZ6,37.0
Q4CRN8,37.0
Q9AJM0,70.0
Q9AJL9,70.0
Q96C86,37.0
Q8NCH0,37.0
Q53IZ1,37.0
Q93QX0,45.0
P18548,30.0
P11935,30.0
Q2UN98,40.0
Q91XT9,37.0
Q8R4X1,37.0
Q5QJU3,37.0
Q9NR71,37.0
Q9NUN7,37.0
Q9WV54,37.0
Q9VIP7,37.0
Q6P7S1,37.0
Q6DBD7,37.0
Q6PH71,37.0
Q9I596,37.0
P38298,30.0
Q02896,30.0
P43251,37.0
B6E8Y7,45.0
Q59495,30.0
Q90495,37.0
Q6E593,22.0
Q8GT21,22.0
Q8GT20,22.0
Q3ZPN4,21.0
P0A006,37.0
Q9UHG3,23.0
Q9CQF9,37.0
P46116,37.0
P54493,37.0
P09391,37.0
Q6ZMB0,37.0
B7XBZ9,30.0
B7XC00,30.0
B7XBZ7,30.0
B5MF68,45.0
Q04507,30.0
Q9UZR7,50.0
Q6TA39,37.0
Q59618,30.0
Q59601,30.0
Q9XFW4,30.0
O22975,30.0
A8J0J0,30.0
Q99943,30.0
C4B4E7,37.0
Q8LG50,25.0
Q9LLY4,25.0
R1BZP3,25.0
C1MQM1,25.0
Q42868,25.0
A0A1D8NJ27,25.0
A0A3G9E319,25.0
Q9S7N2,55.0
Q9LR29,55.0
Q55777,30.0
Q7ZA32,30.0
Q6QWR1,43.0
P40566,30.0
A0A228BX09,30.0
E3W769,50.0
P38502,37.0
Q9WYB1,37.0
P63411,37.0
A2RNG4,30.0
A2RNG5,30.0
G4T0C7,70.0
Q8Q0G3,37.0
Q38DE2,24.0
Q9F5K5,37.0
O95989,37.0
Q52K88,37.0
Q99321,30.0
Q8TXY4,65.0
P49789,37.0
Q9LVM4,30.0
Q6M0B9,37.0
O57980,60.0
Q3HTM1,37.0
A8DBU6,37.0
P9WPP9,37.0
A8Q3I7,37.0
A1XG20,25.0
A5HKK6,65.0
Q91ZP3,30.0
Q14693,30.0
Q5VZY2,37.0
Q8NEB5,37.0
A0A0A7H6F4,37.0
A0A0A7H9U0,37.0
A0A0A7H9C0,37.0
A0A060INS8,37.0
H9N289,30.0
Q9Y7D1,25.0
P14925,37.0
Q02318,30.0
Q9HKZ0,55.0
P51853,30.0
P49841,30.0
P18266,30.0
P33436,37.0
M4VLM9,40.0
A0A2P9J4V0,40.0
F130_AEPn_1,25.0
A4KAG8,37.0
A4KAG7,37.0
Q1A3B0,37.0
Q8IU89,37.0
Q9UWY8,70.0
P24666,37.0
A0A0A1EI83,37.0
Q4QEZ7,37.0
A0A0H2ZQ64,37.0
A1X864,70.0
P9WIA1,30.0
Q75T82,30.0
P53965,30.0
Q72JF6,75.0
P17706,22.0
P29350,22.0
Q15256,22.0
P23468,22.0
Q9C0I1,37.0
D3HMN4,37.0
P16152,25.0
Q7S3U4,25.0
Q9Y8Y1,70.0
A0A142G555,37.0
F7YVT1,90.0
H5U8W4,30.0
L00001,37.0
F6N111,45.0
O58323,70.0
B009494,85.0
A8CWI2,50.0
A0A0X9PFK4,50.0
Q9YGB0,85.0
Q5JDJ1,85.0
A0A2U8JPY3,30.0
Q8R173,25.0
Q3UHN9,37.0
P52850,37.0
Q9EQH7,37.0
Q9EQW8,37.0
Q9H3R1,37.0
Q1PDD2,30.0
Q6YN71,25.0
Q9AR67,25.0
A0A023IUM3,37.0
Q803C3,37.0
Q70I53,25.0
Q9BY41,25.0
Q92769,22.0
O15379,22.0
P53973,20.0
Q59468,37.0
F1DTB9,30.0
Q76EV4,30.0
Q9HEM6,30.0
Q8TGH6,30.0
Q9RC92,30.0
P75966,37.0
Q6NAM1,30.0
P56528,37.0
Q9TTF5,37.0
H7C831,37.0
Q4H2B4,30.0
Q9LBX2,43.5
B2CML6,37.0
Q6KF36,25.0
Q581U6,25.0
M1V9Q0,30.0
M1VDX3,30.0
Q5AAR6,30.0
P06617,25.0
P68747,28.0
Q837U7,37.0
O93656,37.0
A0A089QAB6,35.0
Q9Y7P0,37.0
Q58584,40.0
Q59034,65.0
Q19437,40.0
Q49610,90.0
Q9LRC8,28.0
E2IHE0,30.0
Q8RB32,25.0
D4Q9Z4,37.0
Q91XE4,37.0
Q96HD9,37.0
F9VPB8,70.0
O59570,37.0
P56153,37.0
Q978330,37.0
Q67YC0,37.0
C0H477,37.0
Q3LIE5,37.0
Q9LXC9,25.0
P95765,25.0
Q8A5V9,25.0
A0A098B5G4,25.0
E6U5H4,25.0
B8FP42,25.0
Q9S5X0,40.0
Q93Y52,22.0
Q949J1,22.0
Q93V56,22.0
I3STR7,22.0
H6BG92,30.0
P83194,50.0
O28778,70.0
P06744,30.0
A8C927,35.0
O00105,25.0
F1,28.0
Q7Z031,25.0
Q08J23,30.0
O29428,85.0
Q82IV1,30.0
Q9K498,30.0
P19971,37.0
R4UMR3,22.0
Q86SG7,30.0
Q8KKF9,37.0
P80189,40.0
P80190,40.0
A1BPG9,25.0
U5KC58,60.0
A0A075X1K1,60.0
P84496,50.0
Q7LZQ2,50.0
I6ZIX7,50.0
G5D7B5,52.5
A0A545BBS8,35.0
Q53641,75.0
Q973H5,70.0
Q973H4,70.0
P95867,60.0
Q55088,60.0
O87943,30.0
Q8VPT7,30.0
A2TBP7,30.0
Q39VF1,30.0
Q9NRF8,37.0
P0A7E5,37.0
A0A140N932,37.0
O28443,78.0
Q9MTQ6,22.0
Q8VWZ7,30.0
P16083,30.0
P15804,25.0
P0A3X6,42.0
Q8TZL5,50.0
A7AZH2,37.0
C4TGF1,37.0
K4HYB0,30.0
P22352,45.0
P07203,37.0
O95336,25.0
Q7RYZ9,31.0
Q66Q78,30.0
O76739,25.0
A1S3N8,46.0
Q9X0G9,70.0
M180355,40.0
P9WKD7,37.0
Q9ZU38,37.0
A0A4S5F2E5,65.0
P46655,37.0
P04805,37.0
P07814,37.0
Q8CGC7,37.0
Q9XCL6,37.0
P27000,65.0
A0A089FQH5,37.0
Q7SIB5,33.0
A0A0A1HA03,47.5
A0A0A1H7N4,52.5
O82381,30.0
Q9LML7,30.0
Q5ZR76,26.0
L0N5C4,45.0
P15332,23.0
P15334,23.0
P15333,23.0
Q6JE91,37.0
A1,37.0
P32528,37.0
Q5ZZJ8,37.0
Q46N53,30.0
O30298,85.0
Q485S0,30.0
V5YXI5,30.0
Q96EM0,30.0
P0A4Q0,37.0
P19080,37.0
P0A9J8,37.0
A0A0S0FTT9,37.0
P39912,37.0
Q9P4D8,48.0
P32178,38.0
P10746,37.0
Q88B90,37.0
B3VI58,25.0
A8GHH5,25.0
P9WIQ1,37.0
Q48534,25.0
P17584,25.0
A0A348A0U3,30.0
P54616,25.0
Q62L02,25.0
P42829,25.0
A0A0H3JLD7,37.0
Q9HTV5,37.0
Q00055,25.0
P21695,25.0
A0A060KZ16,25.0
A0A140JW76,30.0
A0A140JW77,30.0
P08507,37.0
Q8IXK2,37.0
Q8MVS5,37.0
Q10472,37.0
Q9R0C5,37.0
Q925R7,37.0
P22557,37.0
Q603D5,25.0
P42575,22.0
Q8LJ81,37.0
A6XP72,30.0
A6XP71,30.0
Q9F3K4,30.0
P48163,30.0
Q5JGC7,70.0
Q717I9,25.0
I6Y0R5,37.0
Q7WSN5,30.0
Q9X2H6,65.0
Q10739,37.0
P53690,37.0
Q972I2,25.0
P48999,37.0
P30431,37.0
A2R1N3,37.0
Q5W9R9,25.0
A0A1W6GW32,30.0
A0A1W6GW06,30.0
A0A1W6GW18,30.0
P0AES0,37.0
P27213,37.0
Q96Y66,80.0
Q96Y68,80.0
Q96XT2,80.0
Q96XT4,80.0
P72578,50.0
P72579,50.0
P00550,37.0
Q9NS00,37.0
Q96EU7,37.0
Q7K237,25.0
Q4KXC9,22.0
Q1GNW6,15.0
Q4JQJ3,20.0
H020164,20.0
Q8PUQ1,37.0
Q6C5M4,25.0
P40345,30.0
P55792,22.0
A8AA25,40.0
A4YGC7,70.0
B1YBY6,65.0
I2FFE9,29.0
P11444,25.0
Q4KCY5,25.0
P14930,37.0
Q9UJ68,37.0
Q9AL99,37.0
O02089,37.0
P54150,22.0
Q2KIG3,37.0
Q96IY4,37.0
A0A2I9,35.0
P24155,37.0
P52888,37.0
Q5DDV5,20.0
Q9UWJ5,90.0
Q2YPV0,37.0
P17182,37.0
P21550,37.0
Genbank,25.0
Q3HL75,25.0
Q1ET73,30.0
M1V623,22.0
A9CH39,25.0
Q3IXP1,15.0
A0A2Z5J5J9,15.0
Q7T2A9,22.0
Q02759,37.0
O70582,37.0
Q9FS87,32.0
B5UB85,25.0
P12007,37.0
Q8VXY9,30.0
E7FUC9,37.0
G3FHJ1,30.0
Q9LIR6,37.0
P10538,37.0
P06547,40.0
P16098,40.0
P29208,25.0
Q47Q21,25.0
L0EKQ7,45.0
Q80ZG2,30.0
P27987,30.0
A2BJU2,95.0
E7BBN5,37.0
P50162,30.0
L7QI79,30.0
U5PUZ1,30.0
H9BQR7,25.0
A0A169PW02,45.0
Q9P999,65.0
Q9ZP04,30.0
B3PBD9,25.0
A0A109P632,30.0
P52391,25.0
P18644,31.0
Q988B8,70.0
Q5CAF4,30.0
Q2UNF9,25.0
D2XZ13,25.0
P00734,25.0
Q9HMB6,57.5
H6LGM6,30.0
H6LGM7,30.0
H6LGM8,30.0
Q9REV4,30.0
A0A447XK48,30.0
P95709,30.0
A0A0U1RGY0,37.0
A0A0C5QH30,37.0
A0A1C7AAM8,25.0
Q5T6J7,20.0
Q8NMT0,37.0
T2Q8ZL58,25.0
Q9HA64,30.0
B9A1Q4,30.0
A5LGH2,25.0
P00330,30.0
P39462,80.0
C7IV28,60.0
Q8U259,70.0
P00327,70.0
Q9Y9P9,95.0
H9ZGN0,22.0
E010289.1,37.0
E7FHL9,37.0
Q4J702,65.0
F9VMI9,50.0
B4Y0U0,30.0
B4Y0U2,30.0
B4Y0U1,30.0
O59072,50.0
B7TXX4,30.0
P21161,37.0
Q50402,37.0
Q50403,37.0
I20,37.0
I95,30.0
Q81IH1,52.0
O61660,54.5
P9WG49,37.0
A5U8X0,37.0
P11387,25.0
Q9ZPI5,27.0
A0A0K2X0F2,37.0
Q16842,37.0
P54751,30.0
C1DSW3,37.0
A4VMZ0,37.0
Q48F48,37.0
Q9AEP4,37.0
P36999,37.0
I7ASS7,30.0
P24481,57.5
Q2VMT1,30.0
C5XXT9,30.0
Q52QH3,40.0
Q68G83,40.0
P35511,37.0
Q43210,37.0
B5U983,37.0
P45735,37.0
Q3M5Z3,37.0
Q8IE38,37.0
P9WJJ5,37.0
A8BIC5,26.0
A5LHW0,30.0
A5LHV9,30.0
A5LHW1,30.0
Q980T5,30.0
E1CAJ6,37.0
Q13087,25.0
Q5LSN8,30.0
Q5LU04,30.0
Q5LX16,30.0
Q8KT80,30.0
Q72JY1,70.0
Q9S646,37.0
Q5NEQ5,37.0
B4EY92,37.0
B1HP60,37.0
E9RGV6,30.0
E3PQS3,20.0
O00056,55.0
Q0CQ16,37.0
A6TGD6,45.0
Q9WYQ4,80.0
Q9NPF2,37.0
Q9NRB3,37.0
Q9JME2,37.0
Q8NET6,28.0
Q9LAG2,55.0
A0A069AW73,25.0
A7LCL0,32.5
A7LCL1,32.5
Q9LAG3,50.0
Q1GBI8,30.0
A0A0H3AMA6,20.0
P06611,22.0
Q3SFD8,22.0
O14678,37.0
U3U715,37.0
Q8N8M0,37.0
I3J7Q8,37.0
P0AA37,37.0
F2X5L9,40.0
Q8KRD4,25.0
Q8GR45,50.0
Q9HTZ1,37.0
Q8TCT1,37.0
Q9HTR2,37.0
Q97UH8,60.0
A0A191KCR1,60.0
A0A191KCR0,55.0
A0A023MIF8,65.0
A5IL97,70.0
A5A4M8,70.0
Q08IT7,30.0
Q25BW5,30.0
Q25BW4,30.0
Q8T0W7,50.0
A0A191KCR2,52.5
G1C1T5,37.0
Q86D78,35.0
D5KX75,40.0
Q9SLA0,40.0
A0A1E1FFN6,75.0
B9K7M5,80.0
H5SPS2,90.0
Q9AGJ6,70.0
P75876,37.0
D4N891,30.0
Q8DXM9,30.0
D7P1H2,30.0
P73493,25.0
P31939,37.0
E3W203,25.0
Q2XSC4,23.0
P36929,37.0
Q07296,25.0
Q81ZH5,25.0
A5HIF6,30.0
Q86RB1,25.0
Q4AE87,22.0
G3XD23,30.0
Q0SH27,37.0
O75173,37.0
O43570,22.0
A0A0N9FGL8,22.0
Q8IHW5,22.0
B2RL07,22.0
Q47YG3,22.0
Q5U9J1,0.0
A7DX12,4.0
A7DX13,4.0
P40881,20.0
C1L335,20.0
C1L336,20.0
E8T502,20.0
A0A0S1NK17,20.0
F3BJI2,20.0
C1DTU5,20.0
A8J4Z8,20.0
Q9ULX7,25.0
Q16790,25.0
P35218,25.0
P45148,25.0
C3W4Q7,25.0
D9PU79,25.0
P00921,25.0
P96878,25.0
O93715,70.0
Q7LYI9,70.0
P13203,55.0
A8CEF6,65.0
B8E1U6,75.0
E2IHC5,30.0
Q39103,30.0
Q9LBX4,43.5
Q8VXV7,22.0
Q9XB61,22.0
P04584,37.0
P28825,37.0
Q16819,30.0
W1QLN6,20.0
Q86WU2,37.0
O87871,37.0
Q6KBS7,22.0
A9X3M0,35.0
A2VBC4,37.0
H2EIY3,37.0
P44862,30.0
G8UQI0,41.0
Q92Y75,30.0
P22983,25.0
Q9GN79,25.0
P11155,30.0
Q42368,30.0
Q75KR1,30.0
Q84FR6,40.0
S5MPT0,60.0
Q56S49,60.0
Q9I676,25.0
A0A0H3AFW5,37.0
P34227,30.0
B2NID7,30.0
Q9ZR27,30.0
Q9ZR26,30.0
Q9ZR25,30.0
Q8VWN6,30.0
Q9SYJ4,25.0
K4L7X3,30.0
O00748,37.0
Q8N5Y8,37.0
Q46220,37.0
Q16719,37.0
P83788,37.0
Q53VZ1,60.0
P04995,37.0
Q9UQ84,37.0
Q72GU1,25.0
Q6WG30,30.0
A9X7L0,32.0
Q43772,25.0
Q16851,37.0
C7GP37,37.0
A5XCL5,37.0
B8JMZ1,37.0
Q9XUS5,37.0
Q888H1,25.0
Q8GYW8,30.0
Q8U263,60.0
Q76L36,28.0
Q96I15,37.0
Q94FV7,30.0
A4CYJ9,70.0
Q5SIJ1,60.0
P40495,25.0
Q7WSQ7,30.0
A3DD67,37.0
Q7B9Y8,37.0
A2I9X8,35.0
P37956,22.0
C7ACH5,30.0
Q04HB7,30.0
M4GGR9,50.0
P13513,30.0
Q63470,30.0
Q9Z188,30.0
Q8RWH3,30.0
Q9NR20,30.0
Q8BI55,30.0
Q9Y463,22.0
Q9DBK0,37.0
P94951,65.0
Q9HTJ1,30.0
Q6BDA4,25.0
Q6BDA3,25.0
Q6BD99,25.0
Q6BD90,25.0
Q6BD95,25.0
Q6BD93,25.0
Q6BD91,25.0
Q6BD86,25.0
Q6BD88,25.0
A0R043,37.0
B3VA59,25.0
Q9A9Z2,30.0
Q5WA30,37.0
Q75V72,37.0
A8QX00,40.0
Q6L2Z7,50.0
Q5SL15,60.0
D1CE96,45.0
I3NX86,20.0
A0A1R4FYB1,20.0
A0A2Z4RCL2,20.0
Q93PS9,22.0
Q8KZT5,37.0
Q0QFQ7,23.0
O70138,37.0
Q5SHB0,37.0
A0A0G3BIB7,30.0
P41229,22.0
Q9UGL1,22.0
P29375,37.0
Q53WJ1,37.0
P98194,37.0
Q50925,25.0
Q29495,37.0
G5EDH7,37.0
P44443,30.0
P21513,37.0
P04587,37.0
Q9NUI1,30.0
E5RSM0,45.0
A2R6F5,50.0
P77847,62.5
B4XC07,30.0
D0UH99,70.0
I3PML9,60.0
O75752,37.0
Q95158,37.0
P05659,30.0
Q9WYJ4,80.0
Q0GA14,30.0
P45025,25.0
P33038,25.0
Q9LDF2,30.0
Q6NQI8,30.0
Q9D6J1,37.0
Q924Z4,37.0
Q96G23,37.0
Q9HA82,37.0
B8H1Z0,30.0
P06672,30.0
Q9FFT4,25.0
Q9UUT6,25.0
P06169,25.0
P16467,25.0
P26263,25.0
Q8NK64,35.0
Q8NK65,35.0
Q56317,95.0
05650,95.0
Q56316,95.0
O05651,95.0
Q5JI38,70.0
Q5SJ85,65.0
P0A9J4,27.0
A0A0J9X283,25.0
M2Y1U7,30.0
Q56320,25.0
P16250,25.0
O28025,70.0
Q9SWH5,22.5
P9WK19,37.0
Q2PGG3,37.0
A5HUN0,37.0
Q76EQ0,37.0
A0A0U4MRI4,0.0
Q93968,30.0
F7ZG00,30.0
A0A0U5AKI6,30.0
P35571,37.0
Q64521,37.0
Q6LXJ6,37.0
Q5SJA1,90.0
W8CXQ9,55.0
Q9GT92,25.0
P00339,25.0
P00336,25.0
Q0GND9,30.0
Q0GND8,30.0
P0C2T6,30.0
P00338,37.0
Q97UA1,70.0
O58691,100.0
A0A133P8W5,55.0
O58885,90.0
A8WBX8,50.0
P12955,50.0
R9W5L0,60.0
C4PG45,60.0
Q93RE7,30.0
I0AZ41,65.0
Q8A904,55.0
C4PG47,50.0
P16184,37.0
Q9UUP5,37.0
Q7BPB0,22.0
A4H4P8,28.0
S5M3K7,28.0
P00381,30.0
P00375,25.0
B5U9U8,25.0
Q81R22,25.0
P0A016,25.0
D1MX71,25.0
Q54801,25.0
G4VJD6,25.0
Q27783,25.0
Q60034,40.0
W0A856,35.0
O60701,37.0
Q4K977,25.0
E1CJF8,25.0
Q9X5C9,30.0
A4QB65,30.0
Q4L1M7,50.0
Q8RR74,55.0
Q9UR08,30.0
Q03471,25.0
Q9FA38,30.0
P24228,37.0
R39,37.0
P14769,37.0
G0HQ35,37.0
Q13057,25.0
Q8MIR4,25.0
P42850,50.0
O54939,37.0
P37058,37.0
A0A097ZMZ1,25.0
D2Z025,37.0
P74334,28.0
Q8YPB4,20.0
A0R4I6,37.0
P30566,25.0
P12047,25.0
P0AB89,25.0
P43341,30.0
Q0WXX2,72.5
A7J0M6,25.0
C7FF04,25.0
C7FF05,25.0
C0LU17,25.0
O42713,25.0
Q41428,25.0
Q68NI4,37.0
C0L3S4,37.0
P07524,37.0
P61112,80.0
L21,25.0
Q07973,37.0
P52732,22.0
Q99661,25.0
O59925,37.0
G0XZD8,40.0
P23378,25.0
C4PAW8,25.0
B1XLK5,30.0
Q9RWH9,37.0
Q7WYV4,37.0
Q5SJG5,37.0
Q53HV7,37.0
Q59T47,37.0
Q811Q1,37.0
Q8TNM0,37.0
O28007,80.0
D3G6S3,25.0
Q8ZXE0,70.0
P22674,30.0
B6CM51,22.5
Q9HKW6,60.0
Q9A9H3,22.0
B6VP39,37.0
O69002,45.0
Q88P48,45.0
Q4K7S1,45.0
A4Y0Y8,45.0
Q887K9,45.0
Q88JR7,45.0
Q3T906,37.0
Q86UY6,37.0
Q7CP78,37.0
Q9I5C5,37.0
Q9HUA0,37.0
Q6F828,37.0
Q88BB5,37.0
Q880Z0,37.0
Q4KGW9,37.0
P17169,37.0
Q59475,45.0
A6NA24,45.0
A6NA25,45.0
Q65JC2,30.0
Q8U0A9,60.0
Q875J3,50.0
O29852,55.0
P39956,30.0
Q1PSI9,30.0
A7KS54,30.0
Q9Z5D4,30.0
Q51507,25.0
O67575,37.0
Q9XB60,37.0
P95547,55.0
P0AGJ7,37.0
D6CHF2,37.0
P48026,25.0
P21673,37.0
Q96F10,37.0
O43820,37.0
Q12794,37.0
Q12891,37.0
B2DEW2,37.0
Q73KK9,37.0
Q7N7D2,37.0
A0A0H2UPI3,37.0
P39641,37.0
Q9H9P8,37.0
P74941,60.0
A7TPK2,30.0
A7TRK4,30.0
G8BWM7,30.0
G8C0Z7,30.0
P40825,30.0
P00957,37.0
S12,37.0
P49010,37.0
Q3L6N4,37.0
O58308,50.0
P53759,30.0
P9WNS5,25.0
P06968,25.0
P11458,37.0
Q9X1X7,37.0
Q5KR05,40.0
Q9I6J9,28.0
C8WJW0,37.0
C8WGQ3,37.0
Q8U1M0,85.0
Q5JGP4,70.0
Q5JGF8,70.0
B2BSJ7,65.0
B2BSJ6,65.0
B2BSJ5,65.0
B2BSK0,65.0
S5FT07,30.0
S5FU55,30.0
D7RIE8,30.0
P08200,40.0
Q9UWG7,55.0
Q6C2Y4,55.0
P41562,22.0
B2ZAA4,46.0
O75874,27.0
Q9XGP7,37.0
Q078T0,37.0
Q9WYD4,95.0
O08355,25.0
P56216,25.0
Q14749,25.0
Q9H3S4,37.0
F4IV16,37.0
A8C781,30.0
Q97YI8,70.0
O15121,37.0
H2IFX0,30.0
P25524,37.0
Q12178,37.0
P52564,25.0
Q02750,25.0
Q8RXG3,22.0
Q4R9M3,30.0
Q39761,25.0
Q9HZK1,25.0
P30749,22.0
A0A140N5X9,37.0
Q6F4N1,70.0
A3CLZ6,37.0
E7FHX6,80.0
Q80WS1,30.0
Q6PFX8,30.0
Q9I3T5,30.0
Q9I6H0,30.0
Q48935,25.0
O15072,37.0
Q8WXS8,37.0
P9WPY7,25.0
Q8BH82,37.0
Q6IQ20,37.0
Q769K2,37.0
A1RDD3,35.0
A1R2C3,55.0
Q16853,37.0
C0LA90,37.0
A0A290U7B6,18.0
Q8L3C7,37.0
Q4AEG8,40.0
Q6RXY3,55.0
Q973W5,65.0
O87833,30.0
P81428,37.0
Q58L91,37.0
P93149,25.0
S8GJB1,37.0
Q8N159,30.0
Q5FAK7,30.0
O06644,25.0
Q9XZT6,37.0
Q00764,37.0
Q1KLW0,37.0
A4K8Z1,37.0
Q9Y119,22.0
J7G8S5,22.0
Q6KAV2,35.0
Q86ZV0,25.0
Q08225,37.0
Q99YP5,37.0
Q6L2X5,70.0
Q58980,70.0
A3LY17,60.0
A7M022,37.0
A0QVM9,37.0
Q9CA67,30.0
O95396,25.0
Q9LR75,30.0
P36551,37.0
C3SBW0,30.0
Q9I4X3,37.0
Q08GL0,25.0
A0A059TC02,25.0
J7II91,25.0
D2IX40,30.0
D2IX45,30.0
C5YLL4,30.0
Q6S3D7,37.0
Q9MZS9,37.0
Q84HF5,37.0
O15229,37.0
P10605,37.0
Q1HER6,37.0
Q5VJM8,37.0
A7LM75,37.0
Q86MW7,37.0
H9B8T9,37.0
A0A0U4HGR1,37.0
A1YLF2,37.0
P00787,25.0
Q27HX3,50.0
Q6PH75,28.0
A1YLF1,42.0
B0L0Y4,42.0
Q6KZI8,60.0
Q57580,70.0
P20689,30.0
Q15746,25.0
P18666,23.0
O02827,37.0
P33775,25.0
Q12068,30.0
Q6T1W8,37.0
Q304Y2,37.0
Q9M0B6,37.0
Q9LIS3,37.0
Q6K9M5,37.0
P80193,23.0
L7QHV5,42.0
P08263,20.0
Q50LH1,20.0
B6RB00,35.0
B6RB01,32.5
P12653,33.5
Q6J1M5,25.0
Q9H4Y5,25.0
D3U1A5,25.0
Q49SB0,25.0
A7LFK1,25.0
A7LFK0,25.0
Q4ACU7,30.0
P30711,30.0
P51781,30.0
O49235,30.0
Q0P7I5,24.0
B2RKP0,37.0
Q7M135,37.0
Q9AQR5,50.0
P15636,30.0
F1MTF4,37.0
Q9UY84,50.0
Q9Y2J8,37.0
Q9UM07,37.0
Q9C5I1,45.0
D3G6S4,25.0
Q4QE75,25.0
Q13572,37.0
Q9XYQ1,37.0
O80568,30.0
Q9SBA5,30.0
O81893,30.0
Q9SUG3,30.0
A0A097ZMY7,25.0
J7M9D0,25.0
D2Z030,30.0
Q97YI7,70.0
Q2L887,25.0
Q96UT7,30.0
Q70KY3,23.5
A3F8Z8,40.0
A0A0U2LZJ6,40.0
A8N3P5,55.0
Q5I7J0,50.0
I6QS85,50.0
A0A144KZD6,50.0
A0A144KZK6,50.0
A0A144KZF3,50.0
A0A144KZI7,50.0
A0A144KZJ7,50.0
D4GPK6,45.0
A0A0U2US60,45.0
B0JDP9,25.0
Q02497,25.0
Q8H979,25.0
Q9KJB8,25.0
Q5IR80,23.0
Q12718,23.0
V9PQZ7,23.0
C1JCL7,22.0
O60199,22.0
P51105,30.0
Q6TQT0,30.0
P51104,30.0
Q41158,30.0
P51107,30.0
P51103,30.0
I6XNY7,30.0
A0A0C6EUC4,30.0
A0A0C6E754,30.0
A0A0C6ENR6,30.0
A8VU64,28.0
Q5PWZ8,30.0
Q0VZ68,30.0
B8ZV93,30.0
B8ZV94,30.0
A4HPM6,37.0
Q401L7,37.0
O15635,37.0
P45040,20.0
D2Z027,30.0
W5S3I4,22.0
Q9NAT4,37.0
E7FI45,55.0
E7FHP1,55.0
O59893,60.0
Q8GH59,37.0
E0RVY7,37.0
B8YG19,58.0
P27707,37.0
Q00555,37.0
Q9LEL6,30.0
O34559,30.0
O31521,30.0
Q58HF4,37.0
P29051,40.0
P24295,25.0
Q8MJ30,37.0
Q4W2K5,37.0
Q4W2K6,25.0
Q4W2K4,25.0
Q3KN75,22.0
Q84V83,30.0
Q5XF78,30.0
A0A088BCU2,50.0
Q84GK1,60.0
Q8GMY0,45.0
X4YXV3,90.0
A0A0K2GVV7,40.0
Q9XI62,22.0
O80612,22.0
Q8H1D8,22.0
K7ZBX8,22.0
Q6NQA8,22.0
A7LH74,25.0
A7LH73,25.0
G1UFQ9,25.0
O75355,37.0
O93295,37.0
Q9MYU4,37.0
O35795,37.0
E0D877,37.0
P49961,37.0
Q5MY95,37.0
Q9TW03,37.0
Q80Z26,37.0
Q5CXD0,23.0
C7DLJ6,30.0
W8JNL4,37.0
F8JPG4,38.0
P93243,25.0
Q9EZV6,37.0
Q9UQ49,37.0
P10481,37.0
Q65KZ6,40.0
P54422,40.0
A0A1S5V3K5,40.0
A7Z5E0,40.0
Q8GTM3,60.0
A8J2S9,40.0
A0A096ZNF0,30.0
Q8TCT0,37.0
Q924C3,37.0
Q10Q09,37.0
Q92484,37.0
Q8EEB1,37.0
G0Y286,37.0
U3U992,30.0
B9VTP0,30.0
B9VTP5,30.0
J9UN47,37.0
G3LGQ3,60.0
Q00IB3,37.0
Q8W471,37.0
O84781,33.5
P08394,37.0
P56558,20.0
Q5GA10,37.0
Q5GA12,37.0
O15294,37.0
P46799,50.0
P0CE81,37.0
Q4ZFU2,37.0
Q9FYC2,24.0
P15565,50.0
P57706,50.0
P42765,25.0
A0A1B1W6Z7,37.0
O81852,37.0
Q5AIA2,30.0
F9VNG5,30.0
Q56R01,22.0
O58802,50.0
P04068,30.0
P07099,37.0
B0FSQ0,40.0
F9USS9,22.0
O05510,25.0
P28607,55.0
D5FKJ3,28.0
Q01284,30.0
Q9I4V0,30.0
Q12723,30.0
Q9HWH9,30.0
A9CL08,30.0
O60911,37.0
Q59I44,35.0
Q89ZI2,37.0
Q9EQQ9,37.0
P00800,25.0
Q9BYG0,37.0
Q02083,37.0
Q5KTC7,37.0
Q9D7V9,37.0
G1T7U7,37.0
H0VCJ6,37.0
P0C644,37.0
Q6PFW1,37.0
O43314,37.0
P22984,30.0
P95896,70.0
B4XEY3,55.0
Q7DKE4,52.5
F8AEP0,85.0
G9FKH7,45.0
Q108P1,37.0
P0ACV2,12.0
Q8ZKE6,25.0
D2KWC2,22.0
Q7M4I4,30.0
D8UUL2,30.0
P36979,37.0
Q46EH3,37.0
Q42536,23.0
P21218,23.0
Q9S434,22.0
Q9ABE3,22.0
Q9HX42,22.0
G3XD98,22.0
Q8DT64,37.0
P16497,25.0
O34757,24.0
A9ZRZ6,35.0
A0P951,35.0
B3QYX9,22.0
B2MU09,37.0
Q93KD6,30.0
Q316W1,30.0
Q04119,30.0
P40152,30.0
Q9QYT7,37.0
P57054,37.0
Q5A6L6,30.0
P42220,25.0
P23795,30.0
A0A0X9FVC0,37.0
A0A0X9E4F6,37.0
P37136,37.0
Q9DDE3,25.0
A0A0P0DIY6,31.0
Q980K6,70.0
D4GYE0,42.0
P58315,50.0
P58314,50.0
A0A2A8YMK8,37.0
A0A4Y1W0S6,37.0
Q81EJ6,22.0
P04585,25.0
P0C6F2,37.0
P05959,37.0
P53954,26.0
P09601,37.0
P14901,37.0
P06762,37.0
Q5E9F2,37.0
P23711,37.0
A0A5C7DYC5,25.0
Q6FFQ1,37.0
B7WZA5,37.0
A1VMN2,37.0
Q6FFQ2,22.0
Q8XMQ3,30.0
G7CFI3,25.0
Q9ZGH7,29.0
U6C7K1,26.0
P9WHS9,39.5
Q9KQ52,25.0
P31343,37.0
Q0G9P7,30.0
P29991,30.0
O90417,33.5
Q65XK0,30.0
G0L2Y1,30.0
Q21FJ0,30.0
A0A0H3WC39,30.0
Q6TNA5,25.0
P23368,30.0
P26616,37.0
T780,30.0
Q7M0R2,35.0
Q13569,22.0
D8LI09,30.0
D7FMJ8,30.0
D7G793,30.0
Q91VL8,30.0
Q9QUI0,30.0
P60763,25.0
P61586,22.0
P01116,22.0
P01112,22.0
P61006,10.0
Q15382,37.0
E2JA32,22.0
P00509,25.0
Q8NHS2,25.0
P00507,37.0
O96142,37.0
P14909,95.0
P39581,37.0
Q9KHJ9,45.0
A0A0F7R1D9,28.0
Q8WZD7,90.0
Q97YG7,90.0
Q9LCC5,40.0
A0A291I5R3,60.0
B3GQ73,60.0
V9PD44,60.0
A0A1W6R2C1,60.0
F2VRZ0,60.0
I7L8N7,60.0
Q9PF60,65.0
F2VRY9,65.0
Q8J0K7,50.0
Q8J0K6,50.0
X5DQW0,50.0
X5DTB0,50.0
Y3,45.0
Q46002,45.0
A0A1B5G0A1,97.5
A0A346PYQ5,30.0
A0A2P1G1K5,55.0
D4P8C6,55.0
Q9BLD2,37.0
E7FHY8,80.0
Q9V2T0,85.0
G4FFR3,85.0
Q97X08,85.0
C3PTS7,30.0
B6D7P1,30.0
B6D7P2,30.0
B6DQK4,30.0
E8ZAP2,30.0
Q6LZD3,37.0
Q5SM28,70.0
Q0QWG7,30.0
Q0QWG2,30.0
Q0QWG6,30.0
Q0QWG5,30.0
Q0QWG4,30.0
Q0QWG3,30.0
C4M387,37.0
Q9LY23,37.0
Q9FLT2,37.0
Q8NFU5,30.0
F5H5G0,22.0
P28776,37.0
Q8R0V5,37.0
A7SDW8,37.0
C3Y9Y8,37.0
A9UVU0,37.0
W4ZK80,37.0
Q6F3I3,37.0
A2BD60,37.0
B0V1K8,37.0
A0A0J9X1M8,30.0
Q5W251,30.0
Q97W02,37.0
P13382,37.0
Q07635,37.0
A0SXL5,74.0
O29753,69.0
H9CW54,75.0
E9KLD9,75.0
Q29Y55,75.0
K4Q1U9,50.0
Q8VHT6,37.0
Q9HBK9,37.0
C4M1C3,37.0
P78356,30.0
Q27564,37.0
Q9LVY1,30.0
Q9AR86,40.0
Q50L36,40.0
A0PFK2,30.0
I6XZ73,30.0
Q6L285,58.0
Q939X3,30.0
P09979,37.5
H9BQR9,25.0
A7DWA8,40.0
P08897,37.0
E3WDH1,30.0
Q8NS80,37.5
G7J7Q5,22.0
P95189,37.0
Q8NS79,30.0
D3JV05,30.0
P0DKX7,30.0
Q8I7A1,30.0
P94181,40.0
Q96PN6,37.0
P84309,37.0
Q80TL1,37.0
M5AJW4,30.0
Q5NEV0,30.0
O31611,37.0
Q0JFI2,30.0
H8XX12,22.0
P29990,37.0
Q32ZE1,37.0
A0A384KRS4,37.0
Q9R0E0,37.0
A4PIB0,25.0
Q5FTU6,25.0
A0A0M5MSC0,37.0
Q6W7J7,37.0
Q459484,65.0
Q97UI1,75.0
A7XS03,40.0
Q9S3U8,22.0
Q9QXN4,37.0
Q9UGB7,37.0
Q8WN98,37.0
C4QZH8,37.0
Q7LHI2,50.0
P62694,50.0
Q9C1S9,50.0
Q59325,65.0
Q9PT41,37.0
O14867,30.0
P51979,30.0
Q12039,30.0
Q9BX63,30.0
Q5JFK3,100.0
P95949,60.0
P0C6X7,25.0
P95479,25.0
Q14191,37.0
P07271,37.0
P35187,37.0
P9WMP9,37.0
Q19546,37.0
Q8H1A3,37.0
Q8L840,37.0
Q19XY0,37.0
J7HDV0,37.0
Q9VL76,37.0
Q9FL33,37.0
P04014,37.0
P15043,29.0
A8D930,29.0
Q8U3I4,69.0
P56255,20.0
Q54J94,21.0
Q9HM14,21.0
Q74C76,37.0
Q4JHB1,30.0
F2YP45,30.0
F2YP46,30.0
D4GS06,30.0
P80148,55.0
B1P1S7,30.0
P93671,30.0
P93672,30.0
G5DAC6,37.0
G5DAC7,37.0
A0A059SVJ4,37.0
Q40144,25.0
P93349,25.0
Q9FZ05,25.0
Q6RHY0,25.0
Q9FR51,25.0
Q6RHX8,25.0
Q9SLN9,25.0
Q6RHX7,25.0
Q43528,25.0
Q43527,25.0
C0IRI4,25.0
C0IRH4,25.0
Q8GTJ0,25.0
C0IRH6,25.0
C0IRH7,25.0
C0IRH8,25.0
C0IRH9,25.0
C0IRI0,25.0
C0IRI1,25.0
C0IRI2,25.0
C0IRI3,25.0
Q9FI31,25.0
Q9ZV40,25.0
Q6RHY1,25.0
Q6RHX9,25.0
Q9SDX0,25.0
Q9ZSU4,18.0
P24806,27.0
Q5JZX2,22.0
Q1XD17,22.0
Q9PCF4,37.0
N1Q9R6,37.0
G8TCS8,37.0
Q9SBL1,30.0
A1DU45,37.0
P26162,30.0
Q14894,37.0
Q72IH5,60.0
Q8U248,70.0
Q57880,37.0
E5LLI1,37.0
P17119,25.0
M0HXK1,50.0
L8B8U1,37.0
L8B6C5,37.0
Q8DRB3,37.0
Q6GHH5,37.0
Q5LI17,37.0
A0A087IPJ7,37.0
A0A0H2XGF2,37.0
P19113,37.0
A0A068Q816,37.0
P26997,60.0
Q3J6K9,30.0
Q5LS56,30.0
P26646,30.0
A4YGN2,65.0
Q4F895,47.5
Q700X4,30.0
B2B629,45.0
B2AVF1,45.0
A0A0H4K9X4,50.0
Q70JP0,25.0
Q5JCX3,85.0
A5HII1,37.0
Q7JNQ9,37.0
B3TM67,37.0
B9UCR2,37.0
A0A1S5WII4,37.0
G3INC5,37.0
E9AMH6,25.0
C505218,30.0
D2Y3F4,30.0
A4H2J0,30.0
A4GWX8,30.0
Q63639,25.0
P00352,25.0
Q9JHW9,37.0
P22346,30.0
A0A016Q182,28.0
Q5EI63,25.0
A1B9E3,25.0
F8WKW8,30.0
Q96EY8,37.0
P29930,30.0
Q9HIA7,70.0
Q970Z7,80.0
A0A2D1HCD6,40.0
A2QIR3,40.0
Q0KKP0,40.0
P78581,30.0
Q2UII1,32.5
A0A0G3ZA16,20.0
B7VFD0,37.5
P33025,30.0
A0A4V7TJX0,37.0
A0A2Z6BLR4,37.0
D3EIG6,37.0
V5ZEQ2,37.0
Q06ZW2,30.0
P32009,37.0
J9WJN8,37.0
Q8L0X3,37.0
O23402,30.0
O87605,30.0
D3JV03,30.0
P77215,25.0
Q8ZNF9,25.0
A0A140N3B4,25.0
Q9GZZ1,37.0
A3DJL8,50.0
O49006,25.0
G3YAL0,35.0
Q9LVQ0,30.0
A0A384J5R9,30.0
V9Q624,40.0
P9WNP5,25.0
Q02724,30.0
Q5VVY1,30.0
A0A076N4W8,37.0
P65388,22.0
Q8RG11,30.0
Q9I530,30.0
A0A140N893,30.0
M5AXT3,30.0
P9WJA1,25.0
D3GGN3,45.0
P45741,25.0
P27545,37.0
P27544,37.0
Q8KBL0,35.0
G2LJR9,35.0
A0A1D8D5T2,35.0
P0ADR6,37.0
Q9LEL5,30.0
Q04179,37.0
H9D3U7,30.0
A5VK58,40.0
Q28943,30.0
B9W7C4,30.0
P9WIC6,37.0
A0A0M4J2R3,30.0
A0A0M5K823,30.0
A0A168GPQ3,30.0
Q42605,25.0
Q8LDN8,25.0
Q9C7W7,25.0
Q9SN58,25.0
O59312,95.0
B4YQU1,30.0
Q932V0,50.0
P10725,50.0
P94556,37.0
Q180W0,37.0
P9WPW9,37.0
P94494,55.0
Q8RAK6,65.0
O86786,22.0
P10724,30.0
P63479,30.0
D0C5Y6,30.0
F433294,50.0
Q973H2,75.0
Q53688,75.0
Q7LX98,60.0
U5TV35,40.0
Q9F150,65.0
Q9WXC1,75.0
Q9FXT4,45.0
Q7WWP9,37.0
P04824,30.0
Q071N0,32.5
A4UHT7,40.0
G1ARD5,37.0
Q7A6P2,30.0
P0A6M4,28.0
P73335,28.0
Q9ZPQ3,28.0
Q97WI2,37.0
Q9V2R8,37.0
P33897,37.0
P28288,37.0
Q9UBJ2,37.0
Q56839,30.0
Q8KRK5,55.0
D2E4A5,60.0
Q8W1B2,30.0
Q8VWE9,30.0
Q09VU3,30.0
Q53728,30.0
O82549,30.0
P55939,30.0
Q38882,30.0
Q13393,37.0
O14939,37.0
Q5WR67,37.0
Q13VI0,30.0
P05042,37.0
O157:H7,37.0
B1Y931,65.0
B1Y932,65.0
Q8U062,75.0
Q8U063,75.0
O33336,30.0
Q9NRN7,37.0
P39135,37.0
Q4QCW3,37.0
Q9UVK7,37.0
H9N839,25.0
Q5APF3,22.0
G0Y287,37.0
Q97UA0,70.0
O64925,30.0
B3U4H7,27.5
A0A0M3KL46,10.0
Q3S3F7,37.0
Q9X2I8,50.0
Q8IDD3,37.0
O86169,37.0
Q5JFV8,60.0
Q4J6C9,60.0
Q8GU20,30.0
Q5JJB9,70.0
Q5JHY2,70.0
Q3LB11,31.0
Q9ZSZ7,22.0
Q9CA75,30.0
Q9LZJ3,30.0
O22775,30.0
Q9LJP4,30.0
P10860,30.0
Q56304,97.0
P80319,97.0
P26443,37.0
Q61153,37.0
Q499N4,37.0
Q96H96,30.0
Q9V1J7,37.0
P05156,37.0
P00729,30.0
P10619,27.0
P15538,37.0
P19099,37.0
P39831,30.0
Q05016,30.0
B3EYM8,40.0
D9XD61,28.0
D4GP31,42.0
Q9L0M4,25.0
U6NHS3,22.0
U6NJF1,22.0
Q4V6M1,32.5
Q8GTQ6,25.0
Q9WZC2,58.5
Q4DA80,37.0
B8LFE4,37.0
A8DEZ8,37.0
Q17ZY4,50.0
H3ZMH5,50.0
M0LMI3,50.0
S0APF4,50.0
D8IS59,30.0
Q1EPR5,60.0
Q1EPR4,60.0
Q79F77,30.0
G4V4S8,25.0
A9YZW0,40.0
P29717,30.0
B2W4L0,30.0
E2RKV3,37.0
Q9KZL6,30.0
C8CK09,30.0
C8CK10,30.0
F4NCC2,37.0
C8CK06,37.0
Q980S1,65.0
C7EX18,37.0
Q9UBV7,37.0
Q9LFR0,37.0
P54646,22.0
Q8GHB2,30.0
Q9L9F1,30.0
Q6Q3H3,30.0
A0A0H2WZY4,30.0
Q86VZ5,37.0
Q8NHU3,37.0
Q16134,22.0
A9CJL8,22.0
P12282,22.0
P09148,27.0
H2IFE7,30.0
Q15738,30.0
P53199,30.0
F2ZAE0,30.0
P14920,25.0
Q6R4Q9,22.0
B1PHD1,30.0
B1PHD2,30.0
B1PHD3,30.0
C7ZKN4,35.0
Q00870,35.0
Q5P5I4,25.0
Q9UJA2,37.0
Q93YW7,30.0
Q7L266,37.0
Q9ZSD6,22.0
Q9XCW3,37.0
B0FLN6,30.0
Q49SP6,30.0
Q9X839,30.0
Q82L49,30.0
Q9NWM0,37.0
Q62074,20.0
Q1H8W8,30.0
C9V492,30.0
A0A1V0E492,30.0
A0A0E3KJK7,30.0
A0A385J6X8,30.0
A0A385J6Y9,30.0
B2C4D8,30.0
A0A0P0YNP7,30.0
P56926,37.0
P47897,37.0
A0A125YXL3,37.0
P52429,30.0
Q16760,30.0
P49619,30.0
Q13574,30.0
P20192,30.0
Q86XP1,30.0
P0ABN1,30.0
O75912,30.0
P52824,30.0
P68403,30.0
Q5KSL6,30.0
Q9FFN7,25.0
O95497,37.0
P71079,25.0
Q8Z078,25.0
D7R812,30.0
Q58407,50.0
A9LDD9,30.0
Q7SXN1,30.0
A5K8L9,25.0
P34896,25.0
I7H6W6,25.0
Q86LS9,37.0
Q46A52,37.0
P0A825,20.0
A1SUU0,20.0
Q9HAY6,37.0
Q9I993,37.0
A5JTM5,25.0
A0A3Q9KTF8,25.0
Q18AQ1,24.0
Q18AQ6,24.0
Q18AQ5,24.0
A0A0H3JPH0,37.0
G5CSR9,25.0
P19440,37.0
A0A415J2H1,37.0
E5G727,37.0
A0A5C8IYM0,40.0
E0D5C2,30.0
Q6KZT2,55.0
A0A0K2SRV3,37.0
A0A1Q2U3E4,37.0
C8WMP0,37.0
Q45QT1,30.0
Q7ZVB4,30.0
Q9UR30,37.0
P80299,37.0
Q9H6B9,37.0
Q3V1F8,37.0
G0R7E2,36.5
Q9X122,30.0
P0A7Y4,30.0
O29634,30.0
Q9YET5,30.0
Q8U036,50.0
F9VN79,37.0
O60930,37.0
F1ALX3,37.0
P09955,22.0
Q9BVM4,37.0
A0A387K406,25.0
Q8K2C8,23.0
Q14DK4,20.0
A0A2K3E3Z9,37.0
P9WI59,37.0
Q8GWG0,22.0
Q97U30,60.0
Q96XP0,60.0
Q59931,25.0
Q2HQR9,25.0
Q2HQR7,25.0
Q2HQR4,25.0
Q2HQR8,25.0
Q2HQR6,25.0
Q2HQS1,25.0
Q2HQS0,25.0
Q2HQR5,25.0
Q2HQS3,25.0
Q2HQS4,25.0
Q2HQR3,25.0
D3YZG8,30.0
D3ZUA0,30.0
D3RXI0,85.0
Q6ETN3,30.0
P17814,30.0
Q42982,30.0
Q67W82,30.0
Q6ZAC1,30.0
T1NXG6,26.0
S4WX39,22.0
U3MNX0,22.0
U3MJP5,22.0
Q5FYA7,37.0
A0A2Z6G7P5,30.0
A0A2Z6G7T9,30.0
Q8J0G1,55.0
Q76LX8,37.0
P24205,30.0
A5U4I2,25.0
Q9GT49,22.0
A4I2Z3,22.0
Q8IEX1,22.0
Q8IFU8,30.0
Q5DM89,25.0
Q711P7,25.0
B6E9W4,30.0
Q8RMD1,30.0
Q87W57,24.0
Q877I4,70.0
Q877I3,70.0
Q877I5,70.0
O34508,37.0
P51981,37.0
P53004,37.0
Q8R1K1,30.0
Q6T1W6,37.0
A0A1C9ZZ39,70.0
P61431,22.0
Q9LL59,45.0
P0AE08,25.0
P15454,30.0
W8VZ39,30.0
Q2QPW1,30.0
Q10M74,30.0
Q94JM2,30.0
W8VNI6,30.0
Q16774,25.0
Q8VYB9,37.0
O43593,37.0
Q9Y4C1,37.0
Q9Y802,37.0
Q10135,37.0
Q9I7I4,35.0
P07861,37.0
Q61391,37.0
Q4W941,37.0
F0NEW7,60.0
P0AB83,25.0
P96273,37.0
O15922,37.0
P23196,37.0
Q9N0A4,4.0
P43099,43.5
P09057,37.0
A4Q8H0,37.0
P00860,37.0
P27116,37.0
Q58P26,37.0
P11926,37.0
P08432,37.0
Q6RET3,24.0
Q9W3Z3,55.0
Q8GV51,30.0
P25891,25.0
Q7DM12,37.0
P42676,37.0
Q9BYT8,37.0
Q58653,37.0
Q9JIA7,30.0
O88885,30.0
Q9VYY8,37.0
Q9VZW0,37.0
Q8CI15,37.0
Q1AG35,37.0
Q8R7L0,70.0
P20035,28.0
Q97UB2,77.0
P28891,37.0
A1576,45.0
O31667,25.0
A0A1D3TG46,38.0
P03962,25.0
P11172,25.0
A2IQH5,37.0
A2IQH4,37.0
F2L0W0,95.0
Q2HWU5,37.0
Q99040,37.0
P13280,30.0
P46976,30.0
O15488,30.0
G3KFX4,25.0
Q70FD1,30.0
Q7Z4W1,25.0
Q91X52,25.0
Q920P0,25.0
Q920N9,25.0
Q91XV4,25.0
Q8U3C9,75.0
Q60FX1,30.0
P14060,27.0
P00947,30.0
B2ZXX8,28.0
B1ZU21,28.0
Q89CN5,28.0
Q9Z1X2,37.0
B7J8J0,37.0
Q84DC4,25.0
Q52TE7,23.5
Q5CB51,40.0
G8GER6,25.0
Q6A0I4,25.0
E9LVH9,25.0
E9LVH8,25.0
B9U443,40.0
A7EQQ8,37.0
Q4WYG3,37.0
Q6KZ98,50.0
W0J9X7,30.0
Q8VQF6,26.0
A2V7M5,30.0
P50292,25.0
P50294,37.0
P50295,37.0
Q5YYQ3,37.0
Q81PT0,37.0
Q81R98,37.0
Q7YRG5,37.0
A0A0F7R932,37.0
A0A3Q7I0S2,30.0
Q9LMM0,20.0
Q9CAY3,20.0
O80437,20.0
M2,17.0
P95493,37.0
P28784,37.0
B2RKU0,37.0
Q3BEM2,25.0
Q09327,30.0
P0A698,37.0
P38920,30.0
Q12083,30.0
Q9WYF3,60.0
Q8N8Q3,37.0
A1E2A6,40.0
Y24,40.0
Q8GB62,40.0
Q9KK55,30.0
P53123,37.0
O46419,37.0
Q9NQR4,37.0
Q9H5J4,37.0
Q9YE85,65.0
Q9YBF1,70.0
Q975R3,70.0
F9VMU0,70.0
S4T8N6,50.0
E9AFE7,37.0
P9WHR7,37.0
Q3ET60,37.0
Q03084,37.0
Q6EB26,37.0
E1,30.0
D6RU53,30.0
UnIProt,56.0
B0EXJ8,30.0
A1A5H8,25.0
P58764,22.0
P97364,37.0
Q9VKY8,37.0
Q4Q0M0,30.0
E0X6R2,37.0
E0X6R4,37.0
A0A090KI56,37.0
Q02890,37.0
O31527,30.0
P50226,37.0
P52847,37.0
P50225,37.0
P0DMM9,37.0
Q9XT99,37.0
O43704,37.0
O00338,37.0
Q9BR01,37.0
A0FIP8,20.0
P50227,25.0
Q0P8U5,37.0
P26358,37.0
B3PM23,37.0
Q8X8S5,37.0
Q5SE95,25.0
J110403,30.0
J110404,30.0
P0A433,25.0
Q7SIG4,30.0
A0A1L2BH72,35.0
Q59VG6,35.0
P06858,37.0
Q9XC59,37.0
A6N8C1,28.0
P13154,30.0
Q731C9,30.0
B1VB65,37.0
B1VB66,37.0
B1VB64,37.0
Q9UL01,37.0
P40051,40.0
P76524,55.0
Q9RUY4,55.0
I6YDN6,55.0
O44750,25.0
O96794,37.0
Q9NQW7,37.0
P14756,55.0
P07061,30.0
Q38J50,30.0
Q6H8Y2,37.0
Q6H8Y3,37.0
Q6H8Y4,37.0
Q6H8W8,37.0
Q6H8X8,37.0
Q6H8X7,37.0
Q6H8X6,37.0
Q6H8X5,37.0
Q6H8X4,37.0
Q6H8X1,37.0
Q6H8X2,37.0
Q6H8X0,37.0
Q6H8W9,37.0
Q8VLQ8,37.0
Q8VLQ7,37.0
Q6H8Y0,37.0
Q6H8Y1,37.0
C0M9W4,37.0
H10403,25.0
Q9HK51,37.0
P9WG59,25.0
P07335,37.0
P06732,25.0
P12277,30.0
P00563,30.0
Q42707,40.0
P0DKH4,37.0
B1GT63,30.0
Q8IDM2,37.0
A7LI67,75.0
Q9ZAP8,50.0
D4Q9Z5,37.0
I7FWY1,25.0
Q7XTK4,22.0
B6EEC1,37.0
Q9LBW5,30.0
O31526,30.0
Q9LJH5,25.0
Q24JJ8,25.0
O14638,37.0
P22413,37.0
Q9BY32,37.0
B6SGJ5,37.0
A0A1D6PF31,37.0
A0A1D6NKR9,37.0
I4DHV7,60.0
D9YT79,35.0
Q9NTG7,37.0
Q5A3V6,37.0
P0A7J0,37.0
P66032,37.0
A5U2B7,37.0
P47924,37.0
Q6NLQ7,37.0
Q9KKP2,37.0
Q9AFC7,37.0
P76251,37.0
O57935,37.0
P23293,30.0
P06242,30.0
Q03957,30.0
Q8GCB2,65.0
P35475,32.0
B7GPC7,37.0
P60604,37.0
P68036,37.0
Q8WVN8,37.0
Q712K3,37.0
P49427,37.0
P63146,37.0
O00762,37.0
P62256,37.0
P61086,37.0
P61088,37.0
Q16763,37.0
Q9NPD8,37.0
Q96B02,37.0
P51668,37.0
P62837,37.0
P61077,37.0
Q9Y2X8,37.0
Q13404,37.0
Q15819,37.0
P49459,37.0
P51965,37.0
Q96LR5,37.0
Q969T4,37.0
P62253,37.0
C5YGL7,30.0
Q65MI2,30.0
Q94JV5,22.0
Q83V33,10.0
Q8GED9,60.0
P0AGE9,30.0
W0PFR9,30.0
Q0VPF8,30.0
P0A836,30.0
W0PAN5,30.0
Q0VPF7,30.0
B1Y9F9,65.0
B1Y9G0,65.0
P54495,32.0
B1VZT1,37.0
Q14703,37.0
Q8GNT2,25.0
O06901,37.0
Q97LM4,37.0
Q97DP6,37.0
Q9AGA6,36.0
P86453,37.0
P00592,37.0
Q13093,37.0
P47712,37.0
P00630,25.0
P00598,30.0
Q8RR52,50.0
Q715L4,30.0
C1I208,25.0
O67572,30.0
Q57609,70.0
Q6XMT2,30.0
Q6XMT1,30.0
H2ER19,30.0
P21219,25.0
Q5XPL5,20.0
V5RFK1,45.0
A9IEH0,50.0
F2X2G0,53.0
Q76M73,50.0
O59089,50.0
Q8U1G2,50.0
Q5JFG7,50.0
Q5JFG2,50.0
O59445,50.0
Q8U022,50.0
O43272,37.0
Q9WU79,37.0
Q4CVA1,37.0
P09546,25.0
Q72IB8,25.0
Q06703,37.0
B2AAQ0,55.0
H9JW45,30.0
H9JW43,30.0
P02963,30.0
Q2V984,50.0
Q2V983,50.0
Q2V982,50.0
A0A3M7JTD4,50.0
B0B0H7,50.0
A0A1U8QU02,50.0
B0FLU6,25.0
Q7Z8L3,40.0
A9CEQ8,22.0
O57917,25.0
O50134,25.0
Q58499,70.0
O28344,65.0
Q9BRA2,22.0
Q9HJN6,50.0
A0A1I9Q5Z0,30.0
P9WI83,25.0
Q6TQF8,24.0
O66844,50.0
M1R338,29.5
M1QEG4,29.5
M1RFK9,29.5
M1RNN3,29.5
M1R969,29.5
M1R344,29.5
P31749,30.0
Q9Y243,30.0
P31751,30.0
P19139,30.0
O54833,30.0
Q709M1,30.0
Q709M0,30.0
Q6E0B2,30.0
A3QQQ9,30.0
Q924X7,30.0
Q15208,30.0
Q9ZNB6,30.0
Q8W5G9,30.0
O64816,30.0
Q9SDY2,22.0
Q13315,22.0
Q13535,22.0
P78527,22.0
Q96Q15,22.0
P28523,37.0
P9WI71,37.0
Q8NU97,37.0
Q8NU98,37.0
Q8NM29,37.0
A0A160PV21,37.0
O30245,37.0
Q9ZSA2,37.0
Q9RRH3,37.0
P00750,37.0
P07872,25.0
J7K6M3,22.0
B5DFD5,30.0
I3PLR0,30.0
O86224,30.0
Q4QNS8,37.0
B0CN28,25.0
P12547,40.0
Q969S2,37.0
Q96FI4,37.0
P50465,37.0
Q88AH6,22.0
Q9AIX6,22.0
Q9AIX7,22.0
A0A0B6XK99,60.0
D0VYQ9,45.0
S5S2B8,40.0
P04189,37.0
Q9FHA4,37.0
Q7WVA6,37.0
Q5JIZ5,80.0
P29141,65.0
Q077R2,37.0
B5L3F2,37.0
B7XCV4,40.0
P07254,35.0
Q5YLC0,37.0
Q92223,37.0
Q9SQF7,37.0
B1B6T0,37.0
P29030,37.0
P29022,37.0
Q9CE95,22.0
Q0WT03,38.5
P23951,32.5
B1VBB0,28.0
Q8U1H5,50.0
A5A699,50.0
D8V3F2,50.0
Q1JUL1,25.0
Q1JUL0,25.0
Q9BZP6,25.0
P24626,25.0
Q06HA3,45.0
H9CWQ0,35.0
Q401R6,30.0
Q9JP48,30.0
E6UBR9,37.0
D0U690,20.0
P9WH11,25.0
Q17993,25.0
C5J048,37.0
O33707,37.0
D4GU69,42.0
P30043,25.0
A2GH85,37.0
Q9ALW1,30.0
P37669,37.0
Q93LD7,37.0
Q5UB52,37.0
P9WHN9,25.0
Q5W503,65.0
A0A287BBZ0,25.0
P37967,40.0
Q65MY7,40.0
Q52NW7,40.0
Q97VW1,70.0
Q8NKS0,70.0
Q8GR22,45.0
W8QMJ2,50.0
Q72J75,80.0
Q96Z02,80.0
Q8KT44,30.0
P16303,37.0
O35535,37.0
Q8KWI9,37.0
P23141,37.0
O70177,37.0
Q6LAP9,37.0
Q8VCC2,37.0
P23953,37.0
P10959,37.0
H6WCP4,30.0
Q079782,30.0
Q763T4,25.0
Q8IJ32,22.0
P21575,37.0
P39052,37.0
Q08877,37.0
Q05193,37.0
P20591,37.0
O35303,37.0
P54861,37.0
Q9M8Z7,30.0
Q9Y751,30.0
Q06321,30.0
O22678,30.0
A5DNB9,30.0
A7KAK6,30.0
Q6CUV2,30.0
Q6BN88,30.0
A0A023NGA8,32.0
A0A023NFQ4,32.0
Q9Y3D2,37.0
P0A746,37.0
P14061,37.0
P37059,37.0
C9JRZ8,37.0
P51658,37.0
O43505,37.0
P28845,37.0
P04797,37.0
P16858,37.0
Q6NYI5,37.0
P00356,37.0
H9GBL1,37.0
P46406,37.0
P0C0G6,37.0
A0A068LJN3,37.0
O14556,20.0
C7A621,37.0
B8,70.0
C23166,52.5
V4GH04,25.0
Q5P171,28.0
C6WFL3,28.0
Q08VU0,28.0
K0J4X5,55.0
Q8GW43,30.0
Q97U35,70.0
Q9C4M5,50.0
Q06241,37.0
P14755,25.0
F1CYZ5,40.0
D3GE78,30.0
O25130,37.0
Q9ZAE9,30.0
A8D7K2,30.0
F9VPG1,70.0
P35575,30.0
P15169,37.0
Q8NF37,37.0
Q3UN02,37.0
P00751,37.0
Q8GI14,40.0
Q9YD18,70.0
Q57635,50.0
O41026,22.0
Q976G4,60.0
P56709,60.0
P9WIL5,37.0
L7NCQ3,30.0
Q16MV5,37.0
Q16MV6,37.0
Q16MV7,37.0
Q8FRX4,30.0
P0AD57,25.0
Q9X1M1,55.0
P25397,37.0
Q10454,25.0
Q27535,25.0
U3T1K4,25.0
U3T2Y2,25.0
A0A0F6WMX1,25.0
O45518,25.0
O45011,25.0
O01854,25.0
Q38EV2,32.5
A6M9J4,30.0
K0DDQ9,30.0
K0DG62,30.0
B1PVZ9,30.0
Q9J0W2,30.0
B1YBY7,65.0
B1YBY8,65.0
Q09545,30.0
Q586W9,37.0
A0A024QYS6,30.0
O43520,37.0
P76469,25.0
Q08641,30.0
Q7XU03,30.0
Q7XU02,30.0
Q0JB48,30.0
B1B5E3,30.0
B1B5E4,30.0
P97046,30.0
P08183,10.0
Q9I4G8,22.0
O15296,25.0
P93184,25.0
O60760,25.0
O09114,25.0
P0C0Y5,22.0
Q1ACW3,38.5
A9QXE0,30.0
Q5FI04,45.0
U2001,45.0
Q9V1F9,60.0
Q9SYK4,37.0
B2VFD8,26.0
P68187,22.0
A7B4V1,37.0
P27170,25.0
Q60352,37.0
Q9HLX1,37.0
O26153,37.0
Q58247,70.0
Q540D7,37.0
C9K1X5,30.0
Q9P9H4,15.0
Q4KNC9,37.0
P9WNG5,37.0
O54259,22.0
Q9HKS9,50.0
P03523,30.0
Q5SHZ3,40.0
P07862,25.0
Q5H614,37.0
Q8ZIE7,37.0
A71,25.0
B14,14.5
B93,30.0
E9LTP4,30.0
P29082,22.0
Q47KB1,25.0
Q9SBZ0,30.0
Q93XK2,30.0
A1RVM8,70.0
Q9AQT8,30.0
C7YUZ1,37.0
Q195N6,30.0
Q1ENB6,30.0
Q5NGA7,30.0
P26281,23.0
P53848,37.0
P9WFX3,30.0
Q9AW95,30.0
Q9UTR6,30.0
P39107,20.0
B1B1U3,38.0
P00966,37.0
P16460,37.0
P09152,25.0
P11349,25.0
P11350,25.0
G8FL60,37.0
A0A076VF18,25.0
Q8U4G1,70.0
Q5JFG9,70.0
Q5SK28,37.0
Q07607,25.0
Q8RBI5,85.0
P0A6L2,30.0
D7U7T8,30.0
Q3MFY8,30.0
Q9I4W3,22.0
F4NCC3,37.0
A1U2T0,30.0
A1U3L3,30.0
A5JZ19,37.0
C9QNK6,37.0
Q9FUW5,31.0
A0A2Z4EVE5,37.0
A0A094XEM2,37.0
A0A0H3H393,55.0
Q9QT64,30.0
A7LFP7,30.0
E7FLQ2,30.0
G9MBE4,30.0
O50660,30.0
B5BSV2,30.0
C4TJD2,30.0
Q75WP3,37.0
P39406,37.0
P00749,37.0
O66036,30.0
Q8SAG1,25.0
B8CBW8,25.0
P74241,25.0
Q9LIK9,25.0
Q381M1,27.0
Q41376,30.0
O35002,25.0
B9IPD3,25.0
B2RLK2,37.0
P24215,37.0
B8YFX2,30.0
Q0KAI3,30.0
A4YEH9,70.0
Q764C1,30.0
P26093,25.0
P10742,37.0
O49855,37.0
Q9ZS50,37.0
P0AE22,37.0
Q9ZVL6,37.0
P24031,37.0
C4LUA1,37.0
C8KIP3,37.0
B3FYT6,37.0
F4JUY5,30.0
Q64285,30.0
Q2TFW1,25.0
Q4Q6K7,30.0
P0A8Z0,25.0
P44886,25.0
Q5T1C6,37.0
P55211,37.0
Q9R0T0,37.0
O66223,25.0
Q05GU1,15.0
Q5Q0U2,37.0
P96559,37.0
B8NTZ9,30.0
B5SU85,22.5
P9WNH5,25.0
A0A067YX61,30.0
A0A1L1YPD7,30.0
Q6F5H0,30.0
A0A0M3Q1Q3,25.0
K9Y6Y9,25.0
D8R6G2,25.0
Q8LB01,25.0
F6HB41,25.0
Q9K1F1,25.0
Q3M723,30.0
C22-1,60.0
O35186,31.0
Q8IEG9,37.0
Q9HKT2,25.0
O82768,30.0
P80022,37.0
O00584,37.0
P29465,30.0
P23316,30.0
A6ZKY2,30.0
E7AIM3,30.0
P61872,37.0
Q0QJZ3,37.0
P32947,37.0
Q9P8F7,37.0
P22088,37.0
Q2TPV1,37.0
P77909,37.0
Q2QFX1,37.0
Q9RBY1,30.0
Q5VKJ7,30.0
A8QYB2,30.0
Q5GMI6,30.0
Q9S2A5,25.0
Q3T5M2,40.0
P20261,40.0
Q3IF07,40.0
Q93J06,50.0
Q8RJP5,45.0
Q9L6D3,55.0
Q8TZJ1,66.0
Q8U3I6,70.0
Q3YJM9,35.0
O28511,60.0
Q57600,70.0
P21643,37.0
P20351,37.0
A7RFF0,37.0
A9V766,37.0
C3XXE6,37.0
Q09474,37.0
W4ZI02,37.0
Q8PDA8,25.0
P60891,37.0
Q97Z86,60.0
Q97XA5,70.0
P25526,22.0
O95237,22.0
Q9STX2,40.0
Q6PQJ9,40.0
P51857,37.0
P53629,37.0
O75908,37.0
P35610,37.0
Q61263,37.0
Q8KLK7,24.0
G4V4T6,24.0
Q93UQ5,30.0
Q5KYP7,60.0
J9E728,70.0
Q65J10,50.0
A0A1L2F0V9,50.0
P0A6I3,37.0
Q7X9A9,37.0
Q8U0Z8,60.0
Q8U0Z7,60.0
Q8U0Z6,60.0
Q3T6E2,28.0
A0A1Z3GCD1,30.0
O43175,25.0
P9WNX3,25.0
P0A9T0,25.0
Q6P587,22.0
V5TD11,37.0
A0A076N8Z0,37.0
P98073,22.0
Q9HJW5,25.0
G0YYC4,21.0
Q9LJK3,30.0
Q8C172,37.0
Q9D6K9,37.0
Q8N5B7,37.0
Q6ZMG9,37.0
A0A3Q1MJ30,37.0
Q3L8N0,22.0
Q7XR61,37.0
Q9C6D2,37.0
Q9LZ76,30.0
E7FI44,80.0
P13721,37.0
Q0K9H3,30.0
A4ZYP9,23.0
Q5JFM9,85.0
P80521,37.0
P80522,37.0
P80523,37.0
P80524,37.0
W8CQR1,95.0
W8CQB2,95.0
W8CQB1,95.0
W8CR61,95.0
P04063,37.0
P00690,37.0
P04746,30.0
A0A1D9CEW3,30.0
A0A0A0WA73,30.0
P00692,62.5
A0A192GPZ8,20.0
P09107,40.0
Q92394,40.0
D9MZ14,40.0
P96107,85.0
A8VWC5,65.0
P06279,80.0
I3P686,80.0
A0A0U4VEK2,40.0
B8Y1H0,60.0
A0A0K6JV03,60.0
J9PXA2,60.0
B6RB08,50.0
A0A168VCK5,50.0
A0A2N0UQI0,45.0
Q8GN86,25.0
Q58933,37.0
A0A1Y2HEJ3,22.0
Q8IT60,22.0
P16068,37.0
P19687,37.0
P18293,37.0
Q02108,37.0
Q02846,30.0
Q90WX2,30.0
Q90WX1,30.0
Q90WX0,30.0
Q9M7B8,30.0
Q9M7B7,30.0
Q58YV9,22.0
P10721,20.0
P26935,25.0
P59701,37.0
Q8J0S3,37.0
B9VXW6,40.0
Q51169,37.0
P44969,37.0
P21397,20.0
P10378,25.0
D3KCC4,37.0
A5YM72,37.0
Q6ZPS2,37.0
Q9SKX5,25.0
P50264,25.0
A5HMH3,28.0
A6BM07,30.0
Q72G76,65.0
Q539C0,55.0
Q2HPP6,40.0
D6R1Q1,60.0
P07941,50.0
Q3ZEF0,37.0
Q9FYU7,30.0
C1L318,30.0
C1L319,30.0
C1L320,30.0
C1L321,30.0
Q9LVF0,30.0
Q70DK5,75.0
Q7Z9M8,40.0
M5AIH9,30.0
D5LIR7,25.0
Q6PNM8,25.0
P80655,37.0
P80653,37.0
P80651,37.0
P80654 andP80656,37.0
P80650,37.0
I6Y4D2,22.0
Q5F6P7,30.0
Q7Y4H8,30.0
P81717,37.0
Q96PD5,37.0
A0A0H2YSJ7,37.0
A0A1E8AMI7,37.0
Q92IC3,37.0
R9VY83,37.0
A0A1J9W3F9,37.0
A0A0H3C9I3,37.0
Q70PY2,23.5
F2VHX9,29.5
A0A5K1QC08,29.5
A0A0F6N3N1,38.0
Q8U2E5,80.0
Q8U2E4,80.0
E7FHU4,80.0
P00813,37.0
Q9NZK5,37.0
Q9P6I7,33.0
P53909,33.5
P03958,20.0
Q8LPL7,30.0
Q1W0X8,22.0
V9PVN6,22.0
C9WCQ0,40.0
C9WCQ1,40.0
A0A0A7AN31,25.0
A0A0A7ANT1,25.0
G9MAN7,28.0
P32021,25.0
Q64649,30.0
A0A0E4CER9,45.0
A3D2G6,40.0
A6P4T5,37.0
P37794,37.0
A0A0N7AXL7,37.0
P0A7E9,30.0
Q16878,37.0
P21816,20.0
Q0K029,30.0
Q0KB75,30.0
P28796,25.0
Q6LP64,30.0
H9B8T5,35.0
Q8YXV3,28.0
Q61847,37.0
P28826,37.0
P13254,37.0
Q5MQ31,37.0
P9WIQ3,30.0
O54003,75.0
P36897,26.0
M1JUH6,40.0
Q9HTD7,35.0
Q9LCC6,37.0
Q0PC50,37.0
Q57679,80.0
P43127,23.0
Q58185,70.0
Q9HX12,30.0
Q9LBK2,30.0
A0A177YY42,30.0
A0A150CP14,30.0
A8BT09,30.0
Q6PY95,30.0
Q52MQ5,30.0
Q9MB58,25.0
O64983,25.0
O60825,37.0
Q9JJH5,37.0
K7WCI9,22.0
C7GM47,30.0
P35196,30.0
O80458,30.0
Q5AJZ3,30.0
Q9HIA4,55.0
D0AB09,37.0
Q8H0D2,27.0
A4GE70,37.0
Q9NVH6,37.0
Q0P891,23.5
Q84UV8,20.0
A0A0S2UQQ5,40.0
P55135,37.0
A3MSR0,100.0
Q88E47,25.0
ANDA0A116LEI2,37.0
P25576,30.0
O26253,65.0
Q9HAN9,37.0
Q9BZQ4,37.0
Q96T66,37.0
A4H990,37.0
Q4DPR9,37.0
Q9EPA7,37.0
Q99JR6,37.0
O29918,60.0
Q9I966,37.0
P55073,37.0
Q3M6C3,25.0
Q4J6M3,65.0
W6JQJ6,30.0
P36776,37.0
P0A9M0,37.0
A8HYF7,37.0
A5UP31,37.0
A0A2C9ETQ7,30.0
C9DRU9,55.0
A0QQS4,37.0
A0A0E3JDD8,25.0
P05807,30.0
Q8KSC8,30.0
P09871,37.0
Q97U21,70.0
A6N8S2,30.0
P39485,37.0
Q9LZG0,37.0
P55264,37.0
A5U4N0,37.0
Q5DKV0,30.0
Q5DKU6,30.0
Q5DKU9,30.0
Q5DKU8,30.0
O15111,30.0
Q15111,25.0
P20132,37.0
E7CYQ0,30.0
Q1MLL4,35.0
Q9SK82,30.0
Q9ZQ94,30.0
Q9ZQ99,30.0
Q39249,25.0
Q9SM43,22.0
Q5Z1T5,25.0
Q9H3R0,22.0
O94953,22.0
Q6B0I6,37.0
Q1A7T0,30.0
Q1A7S9,30.0
Q548K3,37.0
O95749,37.0
Q8II79,37.0
Q12051,25.0
O35010,37.0
A0A0A0Q4S7,50.0
Q2KP14,30.0
Q5GKZ7,30.0
Q9SLD2,30.0
B1NM15,30.0
B1NM16,30.0
A8J110,30.0
A8INZ7,30.0
K9LL63,30.0
A0A699ZU33,30.0
T2HV99,30.0
Q9M4V2,30.0
H6V962,30.0
Y859195,30.0
A0A2D2CI94,30.0
Q96PD7,37.0
Q6ZPD8,37.0
Q9DCV3,37.0
A0A411PNH6,37.0
A0A1Z2RWY4,37.0
A0A3G1ICG7,37.0
G25,37.0
Q9Z2A7,25.0
O75907,25.0
E2RDN4,25.0
Q9ERM3,25.0
A0A161IUT7,25.0
Q6C3R2,31.0
Q8L6H4,25.0
A0A0D6HMN1,37.0
A0A3E2N0G4,37.0
P0AF18,30.0
Q3IXP7,37.0
Q8KDI7,37.0
B6SZW0,22.5
J9RYI6,22.5
Q9L9F6,30.0
P26572,37.0
A0A387IZV4,30.0
Q8IIB7,37.0
Q9HIN1,55.0
Q9YGA9,85.0
Q9FFW8,30.0
J9QYL0,35.0
T1UPN7,37.0
Q66ME9,30.0
P49273,37.0
P16311,37.0
P56690,37.0
A0A2P5JUT5,30.0
P09436,30.0
Q45477,22.0
D4QEZ8,37.0
Q55FE6,45.0
Q7LIJ0,30.0
D4HRL0,30.0
F0ZJZ1,55.0
Q9P8P3,50.0
P00388,33.5
R4UB73,25.0
I1E3I6,25.0
D6P3J1,25.0
H2ER12,25.0
F1P2T2,37.0
A8PYK0,37.0
Q54944,25.0
Q97QZ1,25.0
S7UJV5,37.0
Q9WVE0,37.0
P37349,30.0
Q81A42,23.5
P26637,30.0
Q6KHA5,30.0
Q15031,37.0
Q9P2J5,37.0
P9WFV1,37.0
O58698,37.0
O66680,65.0
Q9EUT9,30.0
Q5LRT0,22.0
Q4FP19,22.0
Q5LVM3,22.0
Q5EPE6,37.0
A4URQ8,37.0
Q2FUA9,30.0
Q50538,13.0
Q50539,13.0
Q05488,37.0
P21127,30.0
P24941,37.0
Q81UL8,25.0
Q81LA8,25.0
Q9A1B7,30.0
A8QW53,30.0
K7XQ68,30.0
E2RWY6,25.0
Q9ESW4,30.0
P75713,25.0
Q8GXV5,25.0
Q95PT6,25.0
Q8MZR8,25.0
P61615,60.0
L0C9D3,70.0
Q8NRE6,37.0
Q9NG18,37.0
P00390,25.0
Q9NL96,37.0
A2TLM3,37.0
Q83WH5,30.0
Q9UUY8,30.0
P61136,30.0
O64903,25.0
P15531,25.0
Q81SV8,22.0
Q4E256,35.0
M1T9X3,37.0
Q9FYS3,30.0
Q1XH05,30.0
Q00985,20.0
Q6ZXJ1,20.0
C3W7W0,30.0
F2XG10,30.0
Q4JA33,50.0
O29786,55.0
Q8TQP8,40.0
A6YH85,37.0
P06721,25.0
P73833,50.0
P56601,37.0
P50336,37.0
P72793,22.0
O24164,22.0
B9GJG7,25.0
B1N1A2,37.0
W8E0Y0,30.0
Q9NSU2,37.0
Q8TP42,37.0
Q92830,30.0
A0A125YMC0,30.0
Q9H8E8,37.0
Q9UTM7,37.0
S8F3V2,37.0
O34536,37.0
Q9NIS0,37.0
Q9AR73,50.0
Q2YIQ6,30.0
Q86X55,30.0
Q99873,30.0
Q9SAC6,30.0
B3VA58,25.0
A2A1A1,30.0
P08594,40.0
P0DKY4,30.0
E2015,60.0
A5FA14,8.0
C6XVU9,8.0
F2JR71,40.0
F5ITJ6,40.0
R7AVK7,45.0
C6VW66,50.0
D0MF61,80.0
F8WRK9,80.0
Q04212,25.0
Q9KFY0,65.0
A8CEP1,35.0
Q44493,37.0
Q9ZFH0,37.0
Q44494,37.0
A4XJ56,75.0
Q57757,70.0
P38501,25.0
P72181,37.0
P19156,37.0
O34425,37.0
Q6QNI4,27.0
P9WMW5,37.0
A0R211,37.0
A3FFK4,55.0
Q10RB4,55.0
P81650,48.0
Q0R5R5,67.5
A4XI97,80.0
B9LW38,50.0
Q969S8,22.0
F1QCV2,22.0
A2BIX4,95.0
T1,37.0
P0CD66,85.0
Q6L2X4,87.0
Q9C1S7,45.0
J9SJ08,45.0
A2QJF7,55.0
Q9C0Y4,35.0
Q9LLY2,37.0
A1IHL0,37.0
Q6XK23,37.0
Q2V621,37.0
O43451,37.0
A0PCH8,37.0
P56526,37.0
Q9AI65,25.0
Q745T6,90.0
Q8RDL1,60.0
F9VPH0,80.0
Q9F234,80.0
Q9HLD0,80.0
A3MU01,55.0
Q5KSK9,30.0
Q9XZN0,30.0
P11388,37.0
A0A0K0M737,55.0
G0L5X4,38.5
Q7Z0T2,37.0
C6GFH7,30.0
C3VPJ1,65.0
Q9WYD3,85.0
O24421,30.0
A9ZPD1,30.0
Q01401,30.0
Q4VUI1,30.0
Q93HU3,30.0
P07762,30.0
A4UU34,30.0
A4UU35,30.0
A4UU36,30.0
Q40733,30.0
Q6H6P8,30.0
P16954,30.0
Q8DT52,37.0
Q1IZQ3,34.0
Q9RTB7,34.0
O50094,60.0
O24529,30.0
P53208,30.0
Q947G8,30.0
O22893,30.0
Q9XGN4,30.0
Q9XGN3,30.0
Q9FXB2,30.0
O80518,30.0
B6UYJ2,30.0
P22680,37.0
B5U990,30.0
A7Y9V0,27.0
P36639,30.0
P0AC19,50.0
Q9WZJ3,60.0
D7UT17,55.0
U0066,27.5
P61711,37.0
Q57751,37.0
Q9UUB1,37.0
Q27651,25.0
Q9FAF8,37.0
Q308C1,30.0
P9WNP7,37.0
Q84X96,30.0
Q84X95,30.0
Q0KEY8,30.0
C4IEM5,30.0
P34439,25.0
O24325,30.0
Q95M12,37.0
Q208S4,37.0
O89017,37.0
A4PF00,37.0
A6Y9U8,37.0
A6Y9U9,37.0
I6R478,37.0
P95474,60.0
Q0PC20,25.0
Q15046,37.0
Q9YFT9,37.0
P0A8N5,37.0
O57963,65.0
Q9RHV9,30.0
P46275,26.5
P36136,30.0
A8IKQ0,25.0
Q8TZH9,100.0
Q8RW99,55.0
Q8NKR9,95.0
P9WN21,22.0
P0A9C9,37.0
P21437,37.0
P09467,37.0
O97193,37.0
F9VMT6,48.0
I1000,30.0
A0A077JIE7,30.0
S7,30.0
Q4ZV08,28.0
P21146,30.0
P26817,30.0
P26819,30.0
P25098,20.0
Q8TLW1,55.0
E3VWI3,30.0
B6ZIV1,37.0
C0LZJ6,37.0
C0LZJ7,37.0
A9XE63,30.0
A0A2E0NWL6,50.0
A8J4S9,7.0
I1L6I6,25.0
T1KF23,37.0
Q208R5,30.0
Q4DMS3,28.0
Q2PWU9,37.0
D4P095,25.0
G3MDB2,37.0
P15558,37.0
B4YE15,25.0
P74515,25.0
P0A6W9,37.0
Q9NFN6,37.0
P48506,37.0
C1KBE8,37.0
Q97U96,70.0
Q39026,22.0
P63085,30.0
P45983,30.0
P45984,30.0
P47811,30.0
Q15759,30.0
Q16539,25.0
B1VK40,37.0
B1VK39,37.0
O58832,65.0
P0ACV0,30.0
Q57764,70.0
Q9UWU1,70.0
Q5JFI4,80.0
Q9SI64,37.0
P28629,37.0
P22220,37.0
O23141,37.0
A0A0H2ZHZ8,37.0
Q5JIZ3,70.0
P84193,24.0
P20582,37.0
I7C6E8,30.0
A0A0S2II38,30.0
A0A1V1FHP8,30.0
Q58439,37.0
Q0QLE6,25.0
I2EXQ9,37.0
I2ERT6,37.0
Q9UJ37,37.0
Q9NSC7,37.0
Q9UPW5,37.0
O00469,37.0
Q6NYC1,37.0
H9NJ43,37.0
H9NJ52,37.0
Q56DL0,30.0
P75823,30.0
O50584,30.0
A0A1C9V3R0,35.0
A0A1C9V3R6,35.0
A0A1L7NZN4,25.0
A0A1C9V3S9,40.0
A0A1C9V3R4,40.0
O33391,25.0
Q58WP5,37.0
F1C7I4,22.0
O24047,50.0
Q9K3J3,50.0
Q7X3X5,40.0
Q4VVC2,25.0
P40925,25.0
P40926,25.0
P61889,30.0
Q9SN86,30.0
Q0VH44,25.0
P13716,37.0
A0A125T1T5,45.0
A0A090BN67,37.0
D4A4P4,37.0
O28028,50.0
P9WP79,37.0
P15474,25.0
Q48255,25.0
P9WPX7,25.0
P58687,37.0
Q6PUG0,22.0
Q43445,30.0
C5XXT8,30.0
C5YCD6,30.0
G9HTF7,30.0
H020162,20.0
A9YZX5,30.0
A9YZY0,30.0
Q9F5K6,37.0
A0A0P1DJE3,30.0
G7X8S6,30.0
K2QXC4,30.0
G9N4E3,30.0
B0LAW4,37.0
O67010,55.0
P54166,30.0
P04957,50.0
K7XFI7,65.0
A0A386YJ14,60.0
K0A689,40.0
Q9Y251,37.0
P19913,30.0
P19914,30.0
P19915,30.0
Q7LXU0,60.0
E7FHX4,60.0
Q97YX6,60.0
Q49422,37.5
Q9RWN5,37.0
D7P5V0,30.0
Q58037,60.0
A0A0K8P6T7,30.0
Q989T9,30.0
Q92LF6,30.0
P51852,37.0
P08311,25.0
Q57981,70.0
A0A1B3EB36,22.0
A0A191ZDL6,33.0
Q88S87,37.0
Q88U67,37.0
O35310,37.0
E7EKB8,22.0
Q9M066,30.0
Q93NG1,30.0
Q6LFH8,37.0
Q66GM9,22.0
P51688,37.0
P97629,37.0
Q9UIQ6,37.0
P13001,37.0
A0A387CW66,30.0
B7VF65,42.0
P95128,37.0
Q0PAS9,37.0
Q9SR43,25.0
O47881,22.0
Q2RAP0,1.0
Q2QXY1,1.0
Q6DUK5,25.0
Q6QD76,25.0
O30438,30.0
A0A0H3NGZ8,37.0
A0A0H3NB84,37.0
P37093,37.0
O30538,37.0
O52185,22.0
A0A0U1QTI9,22.0
Q88B12,22.0
Q72SL8,37.0
Q4U6L1,37.0
Q6TL30,37.0
Q4U6L2,37.0
Q8PVV3,22.0
Q57661,22.0
P23687,37.0
A2QR21,37.0
P48147,37.0
Q2QC90,80.0
Q9X6R4,34.0
Q6HA27,25.0
A2VA43,30.0
A7Y9J1,40.0
P46920,22.0
Q58HT5,37.0
P51649,37.0
Q97XS9,70.0
Q9VBP6,22.0
Q9S762,30.0
Q9RA63,55.0
O02705,37.0
P38646,37.0
A8BBP6,25.0
P25774,37.0
Q6WAU1,25.0
A9QXB4,70.0
Q980M3,50.0
P60785,37.0
P0A6M8,37.0
P13639,37.0
Q980A5,65.0
P53893,20.0
P0AC13,37.0
Q96KS0,25.0
Q9SVQ1,35.0
Q6UB73,37.0
Q12463,30.0
E8MF12,37.0
A6YM39,37.0
O32462,80.0
B7A9X4,70.0
O87172,70.0
P95868,40.0
P97259,37.0
Q08834,37.0
P32440,60.0
Q1JK37,37.0
A0A0H2UP35,37.0
Q6WZB0,30.0
P00349,20.0
P31072,20.0
Q6NHC5,37.0
Q2RIZ2,50.0
Q6WAT5,30.0
A6KWY5,30.0
P56073,25.0
Q9JZ55,45.0
Q9AV97,37.0
Q6NQL4,37.0
B0NAQ4,37.0
T6,30.0
F4HQA8,30.0
Q84MD8,30.0
O23801,70.0
Q7LX99,75.0
Q76DT8,37.0
P6,37.0
P0A0Y1,28.0
Q8PC56,28.0
Q9Y7B6,37.0
Q70BL2,28.0
A0A172SZR2,28.0
D1MW98,30.0
Q5JIZ8,85.0
Q836D9,37.0
Q643C8,25.0
Q81K97,21.0
P23971,24.0
F8G0M3,30.0
Q0SJH2,40.0
Q9K2V8,37.0
Q0P9B5,37.0
Q93MQ1,37.0
A0A0H2XI76,37.0
A0A110AZ24,37.0
O06961,25.0
P00191,37.0
B0I1V1,37.0
P9WQN9,37.0
Q04760,25.0
Q8WZI8,30.0
Q9Y871,55.0
Q9P979,45.0
Q5BCF8,45.0
Q9HGR3,55.0
Q70Y21,60.0
Q9HE18,70.4
Q5B2G3,37.0
Q8WZI7,66.3
Q9UBP0,37.0
A0A0C6EX43,30.0
P43912,37.0
P38793,37.0
Q32P41,37.0
Q02RL6,37.0
Q9V0Q0,37.0
Q93YU6,37.0
Q74NE4,50.0
Q84P53,30.0
Q94CE5,30.0
Q84P52,30.0
Q84P54,30.0
P20933,37.0
Q47898,37.0
Q9JIF5,37.0
A0A142ZC57,37.0
Q6ZD89,37.0
Q9T003,37.0
D4GTS4,36.0
Q9Z2L6,37.0
Q0GYS1,37.0
Q8MPF2,25.0
P52270,25.0
P62003,70.0
Q97VM8,70.0
E3W9C4,30.0
G0Y288,37.0
O51799,25.0
P23830,35.0
Q9ZGH0,37.0
H2DH16,30.0
I3DVX6,37.0
B1HX72,37.0
D7WPP7,37.0
I3E949,37.0
I3DTP7,37.0
I3DX19,37.0
F8GNE5,30.0
P12544,37.0
P25297,30.0
P25360,30.0
P39535,30.0
P27514,30.0
O82390,25.0
Q91F54,8.0
Q27686,37.0
Q6GG09,37.0
P0AD62,37.0
A0A0H3JER5,37.0
Q5CSM7,22.0
A1RX09,45.0
Q9UNP4,37.0
Q9WUB3,37.0
O66932,100.0
Q2VA40,32.5
Q2VA41,32.5
P09812,30.0
A0A1S0QXP6,25.0
A0A150QXP6,20.0
A0A0H3K7Y1,30.0
Q02971,25.0
T1WUU2,50.0
T1WW77,20.0
U3TI46,26.0
Q9ATW1,30.0
Q5D4P9,30.0
Q5D4P8,30.0
U3TH11,30.0
U3TDQ6,30.0
A0A0U1ZF25,30.0
T1WW82,30.0
J159967,30.0
Q53176,25.0
C6WXA3,22.0
O27726,60.0
Q9YBS3,80.0
Q7LXU6,80.0
A4YDR9,75.0
A4YGF9,75.0
I6Y2G3,35.0
E4NI20,30.0
Q8NP73,22.0
Q01217,37.0
A0A140NEG9,37.0
Q6R6P5,37.0
Q0ASS9,30.0
A0A0H2X8L7,30.0
P26236,30.0
O50580,60.0
Q9KJ21,37.0
Q83WC3,37.0
F6KV62,37.0
H9N290,30.0
O34667,23.0
F12584,45.0
F12641,37.0
A0A1P8VSL7,37.0
A0A1L1VVY8,37.0
Q6Z3Y3,30.0
G2IKE5,30.0
P08413,30.0
Q7TNJ7,30.0
Q8AYR3,30.0
Q8IU85,30.0
Q568I9,30.0
Q6RET7,30.0
Q13554,25.0
Q13557,25.0
Q9UQM7,25.0
Q13555,25.0
Q8WSQ3,22.0
Q6C5L8,30.0
Q16647,23.0
P44801,30.0
P9WNX5,30.0
P0A9Q9,30.0
P29254,22.0
P12154,22.0
Q84UU4,30.0
Q8SA63,30.0
Q8ZL08,7.5
Q4A041,37.0
P53095,30.0
Q54HH2,30.0
P00926,25.0
P32264,30.0
O29588,23.0
A9W9U6,24.0
C4TP07,35.0
Q60AN4,33.0
Q9SDW9,37.0
B9WZW7,37.0
U3KZM8,37.0
H9L9T8,30.0
C3PTS8,30.0
D1L8A9,30.0
P60340,37.0
P48567,37.0
P37773,37.0
A0QWG6,37.0
Q9UKK9,30.0
Q9AF21,30.0
A4VLZ3,25.0
P53555,37.0
Q6ITC6,37.0
O67931,80.0
P15280,37.0
P39669,37.0
Q69T99,37.0
Q688T8,37.0
Q7G065,37.0
Q6AVT2,37.0
P55241,37.0
F2RM17,42.0
B8ZJH0,42.0
P9WN39,22.0
Q45NB4,30.0
Q45NB3,30.0
Q45NB2,30.0
Q45NB7,30.0
Q45NB6,30.0
Q45NB5,30.0
Q6RUJ2,30.0
Q6RUJ1,30.0
Q6RUJ0,30.0
Q6RUI9,30.0
O04998,30.0
Q4ZH57,31.5
Q60182,60.0
Q7ZVF2,26.0
Q08CT3,26.0
Q7T2P7,26.0
P14656,37.0
A8WCU3,37.0
P14655,37.0
Q86EI1,37.0
Q9FUK4,37.0
O82560,37.0
E9B8P8,37.0
Q9AXD8,35.0
Q9SE94,37.0
G1T465,25.0
J7MBS9,25.0
P75782,37.0
Q0PB96,25.0
Q0PB95,25.0
O60507,30.0
O60704,30.0
P10719,27.0
A0A1U8X5K7,37.0
Q9AJD6,30.0
Q5NT46,30.0
S0ENM8,28.0
J9R912,40.0
Q8PCR8,50.0
P18209,50.0
P04959,60.0
P11073,60.0
W8CR80,67.5
B1B6T1,90.0
O50325,37.0
D8X181,37.0
D8X180,37.0
D8X179,37.0
Q33CQ4,55.0
A2IBG2,45.0
H9TZS7,40.0
P05618,30.0
O52766,36.0
Q3HUR2,95.0
A3F9M7,40.0
Q53I75,55.0
P30920,60.0
Q5U9W0,60.0
Q8TZP8,85.0
B2DFG5,30.0
Q9X5T6,30.0
Q92876,37.0
Q3V5Q0,25.0
F8WKW5,30.0
P06855,37.0
Q9JLV6,37.0
Q96T60,37.0
Q57936,55.0
A3DJ38,45.0
P76395,33.5
D5HRC1,25.0
Q28653,32.0
Q8KY51,37.0
Q4JB88,70.0
Q4JAD1,70.0
Q13825,37.0
C7AU21,25.0
O76290,30.0
Q01782,30.0
P70500,30.0
P06197,22.0
P14384,37.0
Q9LCQ7,37.0
A0A0H3JT80,22.0
A8YZR7,20.0
O35000,37.0
P46926,30.0
Q9HUU7,37.0
P84142,45.0
P14621,22.0
P37527,37.0
P37528,37.0
O31465,37.0
P0A6U5,37.0
P52704,25.0
P52705,23.0
A0A1D5NU03,37.0
F1NQP1,37.0
A0MTQ2,25.0
B6F143,50.0
Q9NX74,25.0
Q9LVW3,30.0
P75785,37.0
P0ADV1,37.0
F1SWA0,37.0
Q9SRQ2,22.0
Q9CZR2,37.0
Q04609,37.0
Q9D2R0,30.0
D6EQU8,30.0
H8ZM73,30.0
P00439,25.0
Q9XYQ5,25.0
P04176,25.0
Q91V01,37.0
Q9ZV87,37.0
P30041,30.0
O08709,30.0
O35244,30.0
Q08548,30.0
Q9CAN8,30.0
Q58822,70.0
P30632,37.0
Q6PI48,30.0
Q8I2B1,37.0
Q974L0,60.0
O29853,60.0
E7FKF4,55.0
P43478,50.0
S5U3X4,50.0
O14773,37.0
Q29073,37.0
P66899,37.0
Q9X721,25.0
P9WQP7,30.0
Q9N119,37.0
F9FU71,0.0
E3QVI1,0.0
Q76FR7,25.0
Q9FEW9,25.0
Q9AVK9,25.0
Q84QK0,25.0
O59485,85.0
Q8TZW4,100.0
Q9NWW6,37.0
Q9NPI5,37.0
Q24K62,30.0
P04825,37.0
F9W8I6,37.0
G0UZY5,37.0
P15684,37.0
P15144,25.0
Q9Y5R4,37.0
B0B744,25.0
B0B766,25.0
B0B758,25.0
P04718,25.0
I1UMG7,30.0
Q41406,20.7
P17443,37.0
Q9P2T1,36.0
P36959,36.0
Q4QEB3,25.0
Q13822,52.5
P0C6V2,37.0
Q83883,37.0
D145-12/1987/US,37.0
Q06528,37.0
G4NAP4,21.0
Q84CU3,25.0
Q5NHR1,37.0
Q55928,37.0
Q51548,25.0
E9QYP0,25.0
O66837,65.0
Q8GME2,22.0
Q50EK6,30.0
Q8VDL4,37.0
P45568,37.0
Q6R3F4,41.0
P9WNS1,22.0
andP19265,25.0
Q7YS62,22.0
B5UAE1,25.0
Q9ZGH1,25.0
P96558,37.0
P07288,37.0
Q84FR7,30.0
Q79ZT3,37.0
D5FS20,30.0
B1N0B6,30.0
UNiProt,25.0
Q2I2N5,25.0
O52224,28.0
D2CFL0,28.0
G8XR50,28.0
X4QKX0,35.0
A0A0R2GUC5,35.0
B9WZX7,37.0
Q05567,30.0
O95470,37.0
A0A0H4U599,30.0
Q9AVJ9,27.0
Q84PP7,27.0
Q9LAP7,22.0
G1EHI3,25.0
Q9HTQ0,37.0
A3KEZ1,37.0
A4V929,55.0
A0A0H2Z9F5,28.0
A0A0H2ZHZ0,28.0
A0A0H2ZB32,28.0
Q9SE50,35.0
Q16831,37.0
P0A6I6,22.0
Q06203,22.0
B9WCR8,22.0
Q8DNE6,22.0
P44805,22.0
Q8DVH2,22.0
O26010,25.0
Q9I6D1,25.0
Q5EU90,30.0
Q97LU2,25.0
Q977X9,80.0
Q8ILT0,25.0
Q8ILF7,25.0
A3MWK6,50.0
Q9YC65,50.0
Q2WCS9,13.0
Q9X2A8,55.0
P0AA89,30.0
Q6ARU5,30.0
Q9KPJ7,20.0
O87872,37.0
Q9VMC9,22.0
E1C2H6,37.0
Q9I234,25.0
B4E9I9,25.0
Q81PP9,25.0
I1REW2,37.0
U5YTM6,23.0
M4WFN0,23.0
C7ENW3,23.0
A0A0A0K2U8,23.0
Q93XR3,23.0
Q7X9B3,23.0
B3LF83,25.0
G4VV60,25.0
G8XQN2,25.0
Q8IU80,37.0
P16442,37.0
O29976,80.0
Q8U1Z6,80.0
Q5JDA9,80.0
O67379,80.0
Q1AWQ0,80.0
G5DGA8,25.0
Q02745,37.0
Q15GI3,28.0
B8RCD2,25.0
D9TQ00,55.0
Q8NRQ7,30.0
A0A0F7JI94,33.0
A0A060CNE1,37.0
C9E9N6,30.0
F1CMX0,22.0
P71875,22.0
F1CMY8,22.0
P9WJ93,22.0
P00363,30.0
O73949,70.0
Q8ZUP0,37.0
P51635,37.0
F8S123,95.0
Q93AL9,20.0
Q93AL8,20.0
F8TW82,25.0
C1I210,25.0
P00736,37.0
P9WMY3,37.0
Q9RN49,37.0
P36667,37.0
B2G3G6,30.0
B6ETP1,30.0
O59147,65.0
P56725,27.0
Q92903,22.0
O95674,22.0
Q9P381,36.0
B6JVL2,36.0
P75898,22.0
D5MP61,37.0
Q93XJ2,30.0
Q6QHJ9,30.0
Q9SD85,30.0
Q59I68,30.0
Q8W3Y5,30.0
Q767R1,30.0
Q9FPM9,30.0
Q9SBQ9,30.0
Q9FPN2,30.0
Q8S9C6,30.0
Q9FPN5,30.0
Q304R0,30.0
Q38L00,30.0
Q0QLB3,30.0
Q5W9U0,30.0
B3V4Z0,37.0
Q9KJ22,37.0
Q9KJ20,37.0
Q83WC4,37.0
F6KV61,37.0
E3PRJ5,37.0
Q8RHX7,25.0
P38238,30.0
D3JU54,37.0
Q7LGC8,37.0
O88199,37.0
C0KTJ6,30.0
Q9JJY3,37.0
I4DXK5,37.0
P17405,37.0
Q8IUN0,37.0
A0A2U6TC85,37.0
Q9ER35,30.0
Q8EJW3,31.0
Q96EK6,37.0
Q9RFR0,87.5
P0AGL7,37.0
P50384,37.0
Q9FIZ7,30.0
Q97XP4,65.0
Q4JBP4,65.0
P42963,37.0
C7P8V7,70.0
P46934,37.0
P54471,37.0
Q8GCH2,20.0
Q64702,30.0
Q00444,22.0
O97143,25.0
Q9H4B4,25.0
O94923,37.0
F1QR43,37.0
Q1N097,30.0
P37724,22.0
Q80UN9,37.0
Q09WE7,30.0
D3RVD4,30.0
Q7DH52,37.0
A5LH21,37.0
E32Chl17,22.0
P14489,22.0
A0R0P0,33.5
Q8GCU7,30.0
A3RIY0,30.0
P00808,30.0
P16897,30.0
P04190,30.0
E6Y3G9,30.0
G3GCC6,30.0
AB702957,30.0
Q9K2N0,25.0
P13661,25.0
Q59401,25.0
Q9XAY4,25.0
P52700,25.0
O31272,25.0
P28585,25.0
Q2HY42,25.0
P62593,25.0
P05364,25.0
C7C422,25.0
F2YZ26,25.0
I3VKD5,25.0
H6WZS9,25.0
J7I0S9,25.0
M1VE66,25.0
T2A6Y2,25.0
S5ZIP8,25.0
A0A024FRL9,25.0
Q9F918,25.0
Q6SJ61,25.0
Q9HUG8,37.0
P63359,37.0
P60752,37.0
A0A2N5WD20,30.0
P78536,22.0
Q6VUG7,60.0
A9UKG4,37.0
A8F6K5,57.5
Q04ML5,37.0
Q8TZY2,55.0
Q74HL7,37.0
Q6F936,25.5
A1B5I2,27.5
Q57501,22.0
P90518,25.0
A4I1T8,22.0
Q58595,37.0
Q9JZG1,25.0
Q72JC9,50.0
P0C565,30.0
L7RFF8,30.0
P38032,25.0
C333624,37.0
Q8RTY6,37.0
K4,37.0
H2VFK0,35.0
A1IG83,37.0
Q95VY4,60.0
Q6N8N2,30.0
Q2IU02,30.0
Q9X0C8,30.0
Q9X0C6,30.0
Q8E372,30.0
Q8DR77,30.0
Q9A0T3,30.0
C6XY24,30.0
C6Y0D8,30.0
C6Y1N7,30.0
E5F146,37.0
Q9C0B1,20.0
Q8BGW1,20.0
Q6P6C2,21.0
Q97D83,23.0
P48418,30.0
Q76LL4,30.0
Q304Q5,30.0
Q52YL8,30.0
Q6YLS3,30.0
Q84NG3,30.0
Q8LP20,30.0
Q9FPN3,30.0
P37120,30.0
Q5EWY2,30.0
Q9FS35,30.0
Q6J210,30.0
Q9FPN4,30.0
Q304Q4,30.0
D3W9H7,27.0
P0AA43,37.0
Q58LW6,25.0
A0A0S4RIT0,37.0
A7GXH2,37.0
B2Y0K4,30.0
Q5EBM0,37.0
A4XGP2,50.0
Q1PCB0,37.0
Q84HI6,30.0
P13497,37.0
A0A0C5PRQ1,37.0
P98060,37.0
D5FM33,37.0
Q9I6K2,30.0
Q9FPK7,30.0
P15290,37.0
Q9WWW6,30.0
T7-7,30.0
Q9UK23,37.0
Q9GK11,50.0
Q41233,23.0
O49133,25.0
E2G4I9,25.0
B1A7S3,37.0
Q9AFG9,37.0
Q99KK2,22.0
D5JWB3,22.0
P01033,37.0
O55123,37.0
Q9ZQC6,21.0
Q8L707,21.0
Q66V97,30.0
Q4U1A6,30.0
Q65NY1,30.0
Q00955,20.0
Q12721,30.0
Q6SZP8,30.0
P07943,30.0
O60218,25.0
Q5DD64,37.0
P37064,20.0
B1XIU7,30.0
G4T024,30.0
A0A093HJH8,22.0
P47820,37.0
B6SED6,95.0
A0A286QJY9,60.0
A0A1V0FWX7,70.0
Q72ID4,70.0
O64454,37.0
P93416,37.0
O30772,105.0
Q8A2I1,37.0
Q96PB1,37.0
Q9NR45,37.0
Q8A711,25.0
O08841,37.0
Q9FPW3,31.0
Q96551,37.0
Q96552,37.0
Q96553,37.0
Q58605,58.0
Q44115,37.0
L7T8H2,25.0
L7T720,25.0
Q06520,25.0
O00204,37.0
Q29YR5,37.0
O64411,25.0
Q9YFY3,37.0
Q9UZ14,37.0
P07236,30.0
Q6KH76,30.0
Q980D1,60.0
Q58597,60.0
P53215,22.0
Q7S0S2,30.0
Q8P3J4,30.0
Q05769,25.0
I6VVK9,25.0
G0HQ31,37.0
P24171,37.0
P03697,25.0
Q8ZXM4,95.0
P70080,15.0
Q8IWU9,30.0
Q96DG6,37.0
Q8R1G2,37.0
Q7TP52,37.0
E2RF91,37.0
Q92685,25.0
P13717,37.0
Q1XGK8,25.0
P14697,30.0
I3DTN4,25.0
I3DZ65,25.0
I3DTP3,25.0
O54857,37.0
B8QHP5,30.0
B8QHP3,30.0
Q02928,37.0
Q8CH92,37.0
O35776,37.0
Q8CH93,37.0
O00219,37.0
Q92819,37.0
Q92839,37.0
Q7BLV3,35.0
Q42432,22.0
P19801,37.0
O97020,15.0
Q49HM9,27.5
Q1XHM0,27.5
Q49HN0,27.5
Q1XHL7,27.5
C6KID9,30.0
Q5F2I3,30.0
P0ABK9,25.0
A0A0B4U9L8,37.0
P0C5B4,40.0
Q7SCE9,42.0
Q67PI3,30.0
P63239,22.0
P9WIU7,37.0
P00861,37.0
A0A1S0QVH4,37.0
Q9KVL7,37.0
C9K2Z6,50.0
Q6AYS7,37.0
Q03154,37.0
P37111,25.0
Q8S8S2,30.0
Q6T1W7,37.0
Q564C7,37.0
O33833,37.0
Q42691,26.0
Q2XQ19,50.0
Q2PCS4,40.0
Q2XQ20,60.0
Q9RP48,37.0
G5ELA4,25.0
O67049,25.0
P95001,25.0
P07547,25.0
A0A1K3RIC7,25.0
Q5HNV1,25.0
Q6W3D0,25.0
A5U5Q2,25.0
O27957,87.0
A0A168S2G5,30.0
A0A168S2H6,30.0
A0A168S2B8,30.0
D7TUX1,30.0
Q56S04,60.0
Q88K85,22.0
Q88GF6,22.0
A5N5D2,37.0
A5N5D3,37.0
P51017,25.0
Q9QYM2,30.0
Q9RZM4,37.0
A0A1A5VII5,37.0
C7TMK0,37.0
Q5FMT1,37.0
Q8IM75,37.0
C2F9L5,37.0
Q03NE0,37.0
C0WZ89,37.0
C6KI04,45.0
W8GG09,50.0
C6L823,30.0
P10844,37.0
P10845,37.0
Q00496,37.0
Q5DW55,37.0
Q57236,37.0
P94127,25.0
Q9S1M6,37.0
Q8H6F6,37.0
O22213,37.0
Q9LTS3,37.0
D0D2T1,30.0
Q06K28,30.0
P11411,25.0
A0A1B2F298,30.0
B3TMR8,30.0
Q8NDV1,37.0
Q969X2,37.0
Q81BW8,37.0
Q8U4Q3,60.0
O43916,37.0
Q97W08,50.0
Q75WF1,20.0
C9D7S2,30.0
A9P7F9,50.0
A9P7G0,50.0
A9P7G1,50.0
A9P7G2,50.0
A9P7G3,50.0
A9P7F5,50.0
A9P7F6,50.0
A9P7F7,50.0
A9P7F8,50.0
B0LV85,57.5
C6L862,37.0
D2J2T6,37.0
Q7B8C1,37.0
Q7B8C2,37.0
Q7B8C0,37.0
Q7B8C4,37.0
Q8KI79,37.0
Q8KTX1,37.0
Q8KTW4,37.0
Q8KTW7,37.0
Q8KTW6,37.0
Q8KTW8,37.0
Q8KTX0,37.0
Q7B8C3,37.0
Q7B8C5,37.0
Q8KTW9,37.0
Q9L8R8,37.0
Q8KTW5,37.0
Q8YQA9,30.0
B2BKC0,33.5
A0A286S6I1,20.0
A0A2Z5U8E0,60.0
A0A2Z5UR29,65.0
M1,28.0
Q8RPW9,28.0
A3FJ64,28.0
Q8RPW6,28.0
Q8RPW5,28.0
Q8RJA0,28.0
F5BR59,37.0
Q9ZWQ9,37.0
H6V8U4,25.0
D0UZK7,30.0
Q07DT9,30.0
P45723,28.0
Q12052,25.0
O48945,30.0
P49244,30.0
Q9FSD6,30.0
P49245,30.0
O48944,30.0
Q07510,30.0
A0SPA8,37.0
P9WNG3,37.0
C0LNR0,20.0
B1XPH5,24.0
A1JMA5,25.0
Q8W1W9,30.0
Q9LJB4,25.0
Q9D110,26.0
